,Course Code,Course,EOS,Mid,Level,hei_code
0,AL801,Software Design with Virtual Reality and Gaming,304.0,328.0,8,AL
1,AL802,Software Design with Cloud Computing,301.0,306.0,8,AL
2,AL803,Software Design with Mobile Apps and Connected Devices,309.0,337.0,8,AL
3,AL805,Network Management and Cloud Infrastructure,329.0,442.0,8,AL
4,AL810,Quantity Surveying,307.0,349.0,8,AL
5,AL820,Mechanical and Polymer Engineering,300.0,358.0,8,AL
6,AL830,General Nursing,410.0,429.0,8,AL
7,AL832,Psychiatric Nursing,387.0,403.0,8,AL
8,AL836,Nutrition and Health Science,352.0,383.0,8,AL
9,AL837,Sports Science with Exercise Physiology,351.0,392.0,8,AL
10,AL838,Biotechnology,302.0,372.0,8,AL
11,AL839,Microbiology,322.0,371.0,8,AL
12,AL840,Pharmaceutical Sciences,328.0,411.0,8,AL
13,AL841,Athletic and Rehabilitation Therapy,423.0,430.0,8,AL
14,AL842,Bioveterinary Science,310.0,366.0,8,AL
15,AL843,Physical Activity and Health Science,310.0,330.0,8,AL
16,AL850,Business,307.0,356.0,8,AL
17,AL851,Business and Law,301.0,341.0,8,AL
18,AL852,Accounting (with optional placement),290.0,346.0,8,AL
19,AL853,Accounting and Law,305.0,320.0,8,AL
20,AL855,Hospitality Management (with International placement),312.0,357.0,8,AL
21,AL857,Digital Marketing,300.0,360.0,8,AL
22,AL860,Social Care Practice,309.0,338.0,8,AL
23,AL861,Animation and Illustration (portfolio),615.0,899.0,8,AL
24,AL863,Graphic and Digital Design (portfolio),703.0,898.0,8,AL
25,AL864,Early Years Care and Education,307.0,348.0,8,AL
26,AL870,Applied Psychology,409.0,445.0,8,AL
27,CW018,"Business (options, Wexford)",327.0,349.0,8,CW
28,CW028,Early Childhood Education and Care (Wexford),252.0,308.0,8,CW
29,CW038,"Art (portfolio, Wexford)",700.0,700.0,8,CW
30,CW058,Tourism and Event Management (Wexford),252.0,262.0,8,CW
31,CW068,Applied Social Studies - Professional Social Care (Wexford),251.0,280.0,8,CW
32,CW078,Sustainable Farm Management and Agribusiness (Wexford),266.0,320.0,8,CW
33,CW088,Visual Communications and Design (Wexford),309.0,345.0,8,CW
34,CW108,Science (options),261.0,326.0,8,CW
35,CW128,Brewing and Distilling,271.0,298.0,8,CW
36,CW178,Sport Science (options),399.0,424.0,8,CW
37,CW188,Sport Rehabilitation and Athletic Therapy,454.0,473.0,8,CW
38,CW208,Computer Games Development,281.0,338.0,8,CW
39,CW238,Software Development,300.0,343.0,8,CW
40,CW248,Information Technology Management,307.0,357.0,8,CW
41,CW258,Cybercrime and IT Security,300.0,328.0,8,CW
42,CW268,Computing in Interactive Digital Art and Design,274.0,321.0,8,CW
43,CW438,Construction (options),271.0,308.0,8,CW
44,CW468,Architectural Technology,252.0,290.0,8,CW
45,CW478,Civil Engineering,348.0,383.0,8,CW
46,CW548,Mechanical Engineering,310.0,351.0,8,CW
47,CW558,Electronic Systems,279.0,338.0,8,CW
48,CW568,Aerospace Engineering,366.0,422.0,8,CW
49,CW578,TV and Media Production,327.0,361.0,8,CW
50,CW708,Law - LLB,298.0,328.0,8,CW
51,CW728,Product Design Innovation,286.0,355.0,8,CW
52,CW748,Early Childhood Education and Care,265.0,338.0,8,CW
53,CW758,Applied Social Studies - Professional Social Care,290.0,319.0,8,CW
54,CW808,Media and Public Relations,248.0,307.0,8,CW
55,CW848,Digital Marketing with Analytics,279.0,307.0,8,CW
56,CW858,"Sports Management and Coaching (options, portfolio)",700.0,700.0,8,CW
57,CW908,Business (options),260.0,307.0,8,CW
58,CW938,Business with Law,270.0,288.0,8,CW
59,CW948,Accounting,301.0,408.0,8,CW
60,PC405,"Social, Political and Community Studies",251.0,296.0,8,PC
61,PC410,Arts and Humanities (fulfils Teaching Council requirements),203.0,289.0,8,PC
62,PC411,English and History (fulfils Teaching Council requirements),168.0,289.0,8,PC
63,CR105,Chemical and Biopharmaceutical Engineering,432.0,498.0,8,CR
64,CR106,Software Development,351.0,393.0,8,CR
65,CR108,Mechanical Engineering,425.0,487.0,8,CR
66,CR109,Structural Engineering,341.0,467.0,8,CR
67,CR110,Automotive Business Management and Technology,318.0,347.0,8,CR
68,CR112,Creative Digital Media,335.0,389.0,8,CR
69,CR116,Computer Systems,318.0,381.0,8,CR
70,CR121,Music at CIT Cork School of Music,633.0,1052.0,8,CR
71,CR125,Popular Music: Electric Bass Guitar at CIT Cork School of Music,972.0,1021.0,8,CR
72,CR126,Popular Music: Drums at CIT Cork School of Music,878.0,1043.0,8,CR
73,CR127,Popular Music: Electric Guitar at CIT Cork School of Music,584.0,761.0,8,CR
74,CR128,Popular Music: Keyboards at CIT Cork School of Music,839.0,1009.0,8,CR
75,CR129,Popular Music: Voice at CIT Cork School of Music,857.0,927.0,8,CR
76,CR130,Musical Theatre,500.0,600.0,8,CR
77,CR150,Business Information Systems,326.0,371.0,8,CR
78,CR210,"Contemporary Applied Art (Ceramics, Glass, Textiles) at CIT Crawford",979.0,979.0,8,CR
79,CR220,Fine Art at CIT Crawford College of Art and Design,620.0,819.0,8,CR
80,CR225,Photography with New Media,920.0,920.0,8,CR
81,CR305,Physical Sciences (Common Entry),279.0,309.0,8,CR
82,CR310,IT Management,282.0,317.0,8,CR
83,CR320,Biomedical Science (Offered jointly by CIT and UCC),546.0,556.0,8,CR
84,CR325,Pharmaceutical Biotechnology,388.0,422.0,8,CR
85,CR333,Nutrition and Health Science,360.0,393.0,8,CR
86,CR335,Biological Sciences (Common Entry),381.0,419.0,8,CR
87,CR340,Analytical Chemistry with Quality Assurance,288.0,315.0,8,CR
88,CR360,Instrument Engineering,291.0,329.0,8,CR
89,CR365,Environmental Science and Sustainable Technology,334.0,362.0,8,CR
90,CR370,Agri-Biosciences,408.0,431.0,8,CR
91,CR400,Accounting,316.0,389.0,8,CR
92,CR420,Marketing,288.0,329.0,8,CR
93,CR425,International Business with Language,300.0,392.0,8,CR
94,CR500,Engineering (Common Entry),381.0,424.0,8,CR
95,CR510,Sustainable Energy Engineering,319.0,343.0,8,CR
96,CR520,Biomedical Engineering,434.0,477.0,8,CR
97,CR560,Architectural Technology,288.0,332.0,8,CR
98,CR565,Interior Architecture,336.0,390.0,8,CR
99,CR570,Quantity Surveying,279.0,342.0,8,CR
100,CR572,Construction Management,253.0,300.0,8,CR
101,CR580,Electrical Engineering,344.0,374.0,8,CR
102,CR590,Electronic Engineering,342.0,411.0,8,CR
103,CR600,Visual Communications,587.0,888.0,8,CR
104,CR660,Tourism Management,249.0,290.0,8,CR
105,CR700,Theatre and Drama Studies at CIT Cork School of Music,768.0,906.0,8,CR
106,CK101,Arts - 3 years,300.0,368.0,8,CK
107,CK102,Social Science,391.0,431.0,8,CK
108,CK104,Arts with Music - 3 or 4 years (BMus or Chinese/European/Int`l Pathway),340.0,409.0,8,CK
109,CK105,Film and Screen Media - 3 years or 4 years (International Pathway),397.0,442.0,8,CK
110,CK107,Geographical and Archaeological Sciences - 3 or 4 years (Int`l Pathway),326.0,388.0,8,CK
111,CK108,Arts International - 4 years,429.0,466.0,8,CK
112,CK109,English - 3 years or 4 years (International Pathway),347.0,423.0,8,CK
113,CK110,World Languages,456.0,506.0,8,CK
114,CK111,Early Years and Childhood Studies,398.0,429.0,8,CK
115,CK112,Theatre and Performative Practices - 3 or 4 years (Int`l Pathway),324.0,470.0,8,CK
116,CK113,Criminology - 3 years or 4 years (International Pathway),408.0,430.0,8,CK
117,CK114,Social Science (Youth and Community Work) - 3 years,,,8,CK
118,CK115,Social Work - Mature Applicants only,,,8,CK
119,CK116,Sports Studies and Physical Education,499.0,520.0,8,CK
120,CK118,Digital Humanities and IT - 3 or 4 years (Work Exper. or Int`l Pathway),307.0,361.0,8,CK
121,CK120,Applied Psychology,506.0,532.0,8,CK
122,CK121,Psychology and Computing - 3 or 4 years (Work Experience Pathway),393.0,466.0,8,CK
123,CK122,Government and Political Science,355.0,410.0,8,CK
124,CK201,Commerce,465.0,489.0,8,CK
125,CK202,Accounting,467.0,506.0,8,CK
126,CK203,Business Information Systems,409.0,444.0,8,CK
127,CK204,Finance,531.0,555.0,8,CK
128,CK205,Commerce (International) with French,409.0,473.0,8,CK
129,CK206,Commerce (International) with German,408.0,446.0,8,CK
130,CK207,Commerce (International) with Italian,408.0,425.0,8,CK
131,CK208,Commerce (International) with Hispanic Studies,431.0,455.0,8,CK
132,CK209,Commerce (International) with Irish,509.0,528.0,8,CK
133,CK211,Commerce (International) with Chinese Studies,398.0,420.0,8,CK
134,CK212,Economics (Transformational Learning) - 3 or 4 years (Int`l Pathway),400.0,429.0,8,CK
135,CK301,Law (Pathways) -  3 or 4 years,476.0,519.0,8,CK
136,CK302,Law and French,453.0,531.0,8,CK
137,CK304,Law and Irish,462.0,510.0,8,CK
138,CK307,Law and Business,522.0,554.0,8,CK
139,CK401,Computer Science,402.0,456.0,8,CK
140,CK402,Biological and Chemical Sciences,498.0,520.0,8,CK
141,CK404,"Biological, Earth and Environmental Sciences",412.0,451.0,8,CK
142,CK405,Genetics,476.0,496.0,8,CK
143,CK406,Chemical Sciences,457.0,488.0,8,CK
144,CK407,Mathematical Sciences,531.0,578.0,8,CK
145,CK408,Physics and Astrophysics,511.0,566.0,8,CK
146,CK409,Industrial Physics (offered jointly by UCC and CIT),413.0,532.0,8,CK
147,CK411,Data Science and Analytics,509.0,542.0,8,CK
148,CK412,Agricultural Science,457.0,509.0,8,CK
149,CK502,Food Marketing and Entrepreneurship,433.0,456.0,8,CK
150,CK504,Nutritional Sciences,492.0,509.0,8,CK
151,CK505,Food Science,444.0,477.0,8,CK
152,CK506,International Development and Food Policy,367.0,410.0,8,CK
153,CK600,Engineering,465.0,532.0,8,CK
154,CK606,Architecture (offered jointly by UCC and CIT),465.0,496.0,8,CK
155,CK701,Medicine (Undergraduate Entry - HPAT required),729.0,740.0,8,CK
156,CK702,Dentistry,590.0,613.0,8,CK
157,CK703,Pharmacy,577.0,589.0,8,CK
158,CK704,Occupational Therapy,532.0,554.0,8,CK
159,CK705,Speech and Language Therapy,509.0,529.0,8,CK
160,CK706,Public Health Sciences,419.0,451.0,8,CK
161,CK707,Medical and Health Sciences,510.0,543.0,8,CK
162,CK710,General Nursing,440.0,466.0,8,CK
163,CK712,Children`s and General Nursing (Integrated),499.0,520.0,8,CK
164,CK720,Mental Health Nursing,398.0,429.0,8,CK
165,CK730,Intellectual Disability Nursing,359.0,388.0,8,CK
166,CK740,Midwifery,444.0,474.0,8,CK
167,CK791,Medicine  - Graduate Entry (GAMSAT required),58.0,59.0,8,CK
168,AC120,International Business,234.0,269.0,8,AC
169,AC137,Liberal Arts,252.0,275.0,8,AC
170,CT125,Information Technology,235.0,280.0,8,CT
171,CM001,Education - Primary Teaching,452.0,462.0,8,CM
172,CM002,Education - Primary Teaching - Gaeltacht Applicants,421.0,440.0,8,CM
173,CM003,Oideachas - Bunmhúinteoireacht Trí Mheán na Gaeilge,491.0,506.0,8,CM
174,CM004,Oideachas - Bunmhúinteoireacht Trí Mheán na Gaeilge (daltaí Gaeltachta),492.0,569.0,8,CM
175,CM010,Education Studies,317.0,373.0,8,CM
176,CM020,Early Childhood Education,336.0,363.0,8,CM
177,DB500,Computing,242.0,320.0,8,DB
178,DB501,Computing (Cloud Computing),326.0,329.0,8,DB
179,DB502,Computing (Data Analytics and Big Data),269.0,269.0,8,DB
180,DB503,Computing (Software Development),242.0,282.0,8,DB
181,DB504,Computing (Web and Mobile Technology),227.0,269.0,8,DB
182,DB510,Audio Production and Music Project Management,233.0,293.0,8,DB
183,DB512,Business Studies,229.0,301.0,8,DB
184,DB514,Business Studies (Law),269.0,337.0,8,DB
185,DB515,Business Studies (Human Resource Management),225.0,288.0,8,DB
186,DB516,Financial Services,328.0,336.0,8,DB
187,DB517,Event Management,226.0,327.0,8,DB
188,DB518,Marketing (Digital Media),210.0,289.0,8,DB
189,DB521,Accounting and Finance,225.0,271.0,8,DB
190,DB524,Business Information Systems,402.0,402.0,8,DB
191,DB525,Marketing (Digital Media and Cloud Computing),284.0,309.0,8,DB
192,DB526,Business Information Systems (Cloud Computing),253.0,288.0,8,DB
193,DB527,Applied Social Care,235.0,288.0,8,DB
194,DB531,Marketing,220.0,288.0,8,DB
195,DB562,Psychology,208.0,310.0,8,DB
196,DB566,Social Science,216.0,308.0,8,DB
197,DB567,Film,192.0,295.0,8,DB
198,DB568,Law,245.0,308.0,8,DB
199,DB569,Business (Psychology),279.0,338.0,8,DB
200,DC001,Education - Early Childhood Education,398.0,424.0,8,DC
201,DC002,Education - Primary Teaching,462.0,485.0,8,DC
202,DC003,Education - Primary Teaching - Gaeltacht Applicants,433.0,473.0,8,DC
203,DC004,Education - Primary Teaching (Church of Ireland Centre formerly CICE),357.0,,8,DC
204,DC005,Education - Primary Teaching - Irish Sign Language,316.0,316.0,8,DC
205,DC009,Arts (Joint Honours) - Humanities,347.0,408.0,8,DC
206,DC010,Post Primary Teacher Education - Religious Education and English,386.0,413.0,8,DC
207,DC011,Post Primary Teacher Education - Religious Education and History,352.0,389.0,8,DC
208,DC012,Post Primary Teacher Education - Religious Education and Music,367.0,415.0,8,DC
209,DC013,Post Primary Teacher Ed - Gaeilge with French/German/Spanish,410.0,509.0,8,DC
210,DC014,BA in Jazz and Contemporary Music Performance,428.0,590.0,8,DC
211,DC110,Business Studies International,440.0,462.0,8,DC
212,DC111,Business Studies,463.0,479.0,8,DC
213,DC112,Global Business (France),495.0,510.0,8,DC
214,DC113,Global Business (Germany),440.0,476.0,8,DC
215,DC114,Global Business (Spain),501.0,543.0,8,DC
216,DC115,Accounting and Finance,487.0,500.0,8,DC
217,DC116,Global Business (USA),578.0,589.0,8,DC
218,DC117,Aviation Management / Aviation Management with Pilot Studies,463.0,487.0,8,DC
219,DC118,Gnó agus Gaeilge / Business and Irish,357.0,399.0,8,DC
220,DC119,Global Business (Canada),566.0,577.0,8,DC
221,DC120,Enterprise Computing,350.0,389.0,8,DC
222,DC121,Computer Applications,370.0,418.0,8,DC
223,DC123,Data Science,467.0,511.0,8,DC
224,DC126,Actuarial Mathematics,520.0,543.0,8,DC
225,DC127,Common Entry into Actuarial and Financial Mathematics,509.0,531.0,8,DC
226,DC131,Communication Studies,400.0,441.0,8,DC
227,DC132,Journalism,401.0,440.0,8,DC
228,DC133,Multimedia,403.0,451.0,8,DC
229,DC155,Applied Language and Translation Studies,371.0,430.0,8,DC
230,DC161,Analytical Science,446.0,463.0,8,DC
231,DC162,Chemical and Pharmaceutical Sciences,488.0,498.0,8,DC
232,DC166,Environmental Science and Technology,412.0,442.0,8,DC
233,DC167,Physics with Astronomy,434.0,477.0,8,DC
234,DC168,Genetics and Cell Biology,489.0,500.0,8,DC
235,DC171,Applied Physics,402.0,433.0,8,DC
236,DC173,Physics with Biomedical Sciences,402.0,458.0,8,DC
237,DC181,Biotechnology,476.0,488.0,8,DC
238,DC190,Electronic and Computer Engineering (with choice of four majors),391.0,433.0,8,DC
239,DC193,Mechatronic Engineering,404.0,445.0,8,DC
240,DC195,Mechanical and Manufacturing Engineering,401.0,444.0,8,DC
241,DC197,Biomedical Engineering,402.0,446.0,8,DC
242,DC200,Common Entry into Engineering (Undenominated Entry),381.0,444.0,8,DC
243,DC201,Common Entry into Science (Undenominated Entry),454.0,477.0,8,DC
244,DC202,Sport Science and Health,467.0,476.0,8,DC
245,DC203,Science Education,424.0,476.0,8,DC
246,DC204,Athletic Therapy and Training,484.0,500.0,8,DC
247,DC205,Physical Education with Biology,490.0,521.0,8,DC
248,DC206,Physical Education with Mathematics,443.0,476.0,8,DC
249,DC208,Psychology,509.0,521.0,8,DC
250,DC209,Health and Society,419.0,440.0,8,DC
251,DC215,General Nursing,414.0,443.0,8,DC
252,DC216,Mental Health Nursing,368.0,389.0,8,DC
253,DC217,Intellectual Disability Nursing,347.0,362.0,8,DC
254,DC218,Children`s and General Nursing (Integrated),467.0,480.0,8,DC
255,DC230,"Economics, Politics and Law",400.0,431.0,8,DC
256,DC231,International Relations,387.0,445.0,8,DC
257,DC232,Law and Society (BCL),453.0,487.0,8,DC
258,DC235,Education and Training - Daytime Delivery Mode (full-time),307.0,327.0,8,DC
259,DC238,Social Sciences and Cultural Innovation,358.0,388.0,8,DC
260,DC240,"Marketing, Innovation and Technology",451.0,474.0,8,DC
261,DC291,Arts (Joint Honours) - Media Studies,349.0,392.0,8,DC
262,DC292,Arts (Joint Honours) - Law,356.0,388.0,8,DC
263,DC293,Arts (Joint Honours) - International Languages,369.0,400.0,8,DC
264,DC295,Arts (Joint Honours) - Politics,348.0,387.0,8,DC
265,DT001,Product Design,433.0,464.0,8,DT
266,DT028,Transport Operations and Technology,279.0,348.0,8,DT
267,DT035,Electrical Services and Energy Management,293.0,340.0,8,DT
268,DT066,Engineering (General Entry),400.0,457.0,8,DT
269,DT101,Architecture (test and interview),618.0,647.0,8,DT
270,DT106,Planning and Environmental Management,312.0,337.0,8,DT
271,DT110,Property Economics (Valuation Surveying),367.0,424.0,8,DT
272,DT111,Quantity Surveying and Construction Economics,391.0,421.0,8,DT
273,DT112,Geographic Science,287.0,335.0,8,DT
274,DT117,Construction Management,356.0,373.0,8,DT
275,DT175,Architectural Technology,388.0,425.0,8,DT
276,DT201,Science (General Entry),464.0,477.0,8,DT
277,DT203,Analytical Chemistry (Environmental Forensic and Pharmaceutical),341.0,403.0,8,DT
278,DT204,Biomedical Science,501.0,512.0,8,DT
279,DT205,Mathematical Sciences,315.0,363.0,8,DT
280,DT206,Biomedical and Molecular Diagnostics,473.0,487.0,8,DT
281,DT211,Computer Science (Infrastructure),381.0,414.0,8,DT
282,DT220,Industrial Mathematics,300.0,317.0,8,DT
283,DT221,Physics with Energy and Environment,348.0,436.0,8,DT
284,DT222,Physics Technology,321.0,371.0,8,DT
285,DT223,Human Nutrition and Dietetics,553.0,566.0,8,DT
286,DT224,Optometry,487.0,529.0,8,DT
287,DT225,Public Health Nutrition,440.0,476.0,8,DT
288,DT227,Science with Nanotechnology,312.0,361.0,8,DT
289,DT228,Computer Science,451.0,466.0,8,DT
290,DT229,Clinical Measurement Science,491.0,509.0,8,DT
291,DT235,Physics with Medical Physics and Bioengineering,357.0,403.0,8,DT
292,DT282,Computer Science (International),377.0,402.0,8,DT
293,DT299,Chemical Sciences with Medicinal Chemistry,420.0,445.0,8,DT
294,DT302,Business Analytics,325.0,403.0,8,DT
295,DT304,E-Commerce in Retailing,341.0,388.0,8,DT
296,DT321,Business and Law,462.0,478.0,8,DT
297,DT341,Marketing,400.0,419.0,8,DT
298,DT343,Retail and Services Management,301.0,332.0,8,DT
299,DT354,Business Computing,322.0,341.0,8,DT
300,DT358,Logistics and Supply Chain Management,300.0,359.0,8,DT
301,DT365,Business and Management,440.0,456.0,8,DT
302,DT366,Accounting and Finance,432.0,454.0,8,DT
303,DT398,Human Resource Management,375.0,388.0,8,DT
304,DT399,Economics and Finance,437.0,465.0,8,DT
305,DT401,International Hospitality Management,300.0,337.0,8,DT
306,DT405,Culinary Science,308.0,377.0,8,DT
307,DT407,Culinary Arts,271.0,342.0,8,DT
308,DT412,Tourism Marketing,284.0,322.0,8,DT
309,DT413,Event Management,356.0,389.0,8,DT
310,DT416,Culinary Entrepreneurship,275.0,339.0,8,DT
311,DT420,Nutraceuticals in Health and Nutrition,392.0,432.0,8,DT
312,DT421,Food Innovation,321.0,366.0,8,DT
313,DT422,Pharmaceutical Healthcare,397.0,423.0,8,DT
314,DT491,Environmental Health,343.0,380.0,8,DT
315,DT501,Music,383.0,520.0,8,DT
316,DT504,Film and Broadcasting,443.0,467.0,8,DT
317,DT506,Commercial Modern Music,468.0,835.0,8,DT
318,DT508,Game Design,403.0,454.0,8,DT
319,DT517,Languages and English Studies,326.0,419.0,8,DT
320,DT518,Languages and International Tourism,307.0,357.0,8,DT
321,DT529,Drama (Performance),371.0,519.0,8,DT
322,DT532,Law (LL.B.),422.0,441.0,8,DT
323,DT533,Contemporary Visual Culture,,,8,DT
324,DT544,Interior Design,552.0,866.0,8,DT
325,DT545,Design - Visual Communication,667.0,897.0,8,DT
326,DT546,Fine Art,668.0,813.0,8,DT
327,DT555,International Business and Languages,353.0,399.0,8,DT
328,DT559,Photography,700.0,926.0,8,DT
329,DT571,Social Care,394.0,424.0,8,DT
330,DT572,Early Childhood Education,385.0,403.0,8,DT
331,DT582,Journalism,347.0,373.0,8,DT
332,DT596,Print Media Technology and Management,252.0,311.0,8,DT
333,DT597,Creative and Cultural Industries,280.0,369.0,8,DT
334,DL821,"English, Media and Cultural Studies",211.0,317.0,8,DL
335,DL822,Arts Management,209.0,319.0,8,DL
336,DL823,Business Studies - Entrepreneurship and Management,260.0,316.0,8,DL
337,DL825,Applied Psychology,349.0,413.0,8,DL
338,DL826,Visual Communication Design,736.0,989.0,8,DL
339,DL827,Art,583.0,902.0,8,DL
340,DL828,"3D Design, Modelmaking and Digital Art",691.0,866.0,8,DL
341,DL829,Design for Stage and Screen (Costume Design),817.0,1021.0,8,DL
342,DL830,Design for Stage and Screen (Makeup Design),879.0,953.0,8,DL
343,DL831,Design for Stage and Screen (Production Design),893.0,1073.0,8,DL
344,DL832,Animation,855.0,1055.0,8,DL
345,DL833,Photography,636.0,791.0,8,DL
346,DL834,Film and Television Production,933.0,1011.0,8,DL
347,DL835,Creative Media Technologies,237.0,289.0,8,DL
348,DL836,Creative Computing,217.0,326.0,8,DL
349,DL837,New Media Studies,290.0,349.0,8,DL
350,DL838,Creative Music Production,746.0,873.0,8,DL
351,GC200,Business Studies (Cork),269.0,359.0,8,GC
352,GC201,Accounting and Finance (Cork),251.0,388.0,8,GC
353,GC230,Computing Science (Cork),228.0,327.0,8,GC
354,GC300,Business Studies (Limerick),251.0,302.0,8,GC
355,GC301,Accounting and Finance,307.0,314.0,8,GC
356,GC302,"Business Studies - (HRM, Limerick)",269.0,269.0,8,GC
357,GC305,International Hospitality Management (Limerick),327.0,327.0,8,GC
358,GC400,Business Studies (Dublin),246.0,297.0,8,GC
359,GC401,Accounting and Finance (Dublin),181.0,309.0,8,GC
360,GC402,"Business Studies (HRM, Dublin)",217.0,290.0,8,GC
361,GC403,Law (Dublin),225.0,308.0,8,GC
362,GC405,International Hospitality Management (Dublin),254.0,272.0,8,GC
363,GC407,"Business Studies (Marketing, Dublin)",246.0,330.0,8,GC
364,GC430,Computing Science (Dublin),217.0,269.0,8,GC
365,GC450,Journalism and Visual Media (Dublin),227.0,307.0,8,GC
366,GC462,Design Communication (Dublin),,,8,GC
367,GC489,Interior Architecture (Dublin),267.0,361.0,8,GC
368,GC494,Fashion Design (Dublin),,,8,GC
369,ID001,Accounting and Finance,229.0,291.0,8,ID
370,ID002,Business Studies,285.0,366.0,8,ID
371,ID003,Business Studies with Chinese,,,8,ID
372,BN101,Business,252.0,289.0,8,BN
373,BN103,Business and Information Technology,254.0,290.0,8,BN
374,BN104,Computing (Information Technology),260.0,293.0,8,BN
375,BN107,Applied Social Studies in Social Care,300.0,328.0,8,BN
376,BN108,Engineering (Common Entry with Award options),271.0,318.0,8,BN
377,BN109,Business (Common Entry with Award options),260.0,279.0,8,BN
378,BN110,International Business,253.0,308.0,8,BN
379,BN111,Sports Management and Coaching,270.0,298.0,8,BN
380,BN112,Creative Digital Media,280.0,329.0,8,BN
381,BN113,Horticulture,289.0,321.0,8,BN
382,BN114,Accounting and Finance,280.0,332.0,8,BN
383,BN115,Community and Youth Development,250.0,298.0,8,BN
384,BN117,Computer Engineering in Mobile Systems,273.0,311.0,8,BN
385,BN118,Early Childhood Care and Education,290.0,320.0,8,BN
386,BN119,Digital Marketing,270.0,308.0,8,BN
387,BN120,Digital Forensics and Cyber Security,281.0,326.0,8,BN
388,BN121,Mechatronic Engineering,276.0,340.0,8,BN
389,BN123,"Design,Technology and Innovation",297.0,318.0,8,BN
390,TA022,Creative Digital Media,260.0,318.0,8,TA
391,TA023,Advertising and Marketing Communications,235.0,299.0,8,TA
392,TA024,Early Childhood Care and Education,217.0,307.0,8,TA
393,TA025,Social Care Practice,261.0,297.0,8,TA
394,TA026,International Hospitality and Tourism Management,208.0,269.0,8,TA
395,TA027,Botanical Cuisine,236.0,273.0,8,TA
396,TA028,Digital Marketing Technologies,220.0,313.0,8,TA
397,TA121,Accounting and Finance,202.0,328.0,8,TA
398,TA122,Management,218.0,297.0,8,TA
399,TA123,Marketing Management,207.0,284.0,8,TA
400,TA125,International Business,229.0,300.0,8,TA
401,TA221,Electronic Engineering,251.0,321.0,8,TA
402,TA222,Mechanical Engineering,243.0,302.0,8,TA
403,TA223,Sustainable Energy Engineering,236.0,305.0,8,TA
404,TA224,Biomedical Design,218.0,324.0,8,TA
405,TA225,Automation Engineering,235.0,288.0,8,TA
406,TA226,Engineering Software,243.0,304.0,8,TA
407,TA321,Pharmaceutical Science,261.0,298.0,8,TA
408,TA322,Computing,200.0,294.0,8,TA
409,TA323,Computing with IT Management,243.0,309.0,8,TA
410,TA326,DNA and Forensic Analysis,300.0,362.0,8,TA
411,TA327,Sports Science and Health,341.0,381.0,8,TA
412,TA328,Computing with Language (French/German/Spanish),218.0,317.0,8,TA
413,TA329,Computing with Data Analytics,218.0,296.0,8,TA
414,AD101,First Year Art & Design (Common Entry),,550.0,8,AD
415,AD102,Graphic Design and Moving Image Design,,635.0,8,AD
416,AD103,Textile & Surface Design and Jewellery & Objects,,545.0,8,AD
417,AD202,Education & Design or Fine Art (Second Level Teaching),,580.0,8,AD
418,AD204,Fine Art,,600.0,8,AD
419,AD211,Fashion Design,,600.0,8,AD
420,AD212,Product Design,,600.0,8,AD
421,AD215,Visual Culture,300.0,338.0,8,AD
422,AD217,Illustration,,625.0,8,AD
423,AD222,Interaction Design,,657.0,8,AD
424,NC003,Computing (Degree Award options),261.0,316.0,8,NC
425,NC005,Human Resource Management,297.0,320.0,8,NC
426,NC009,Business,297.0,339.0,8,NC
427,NC010,Psychology,366.0,399.0,8,NC
428,NC020,Marketing Practice,270.0,307.0,8,NC
429,NC022,Accounting and Finance,338.0,376.0,8,NC
430,NC023,Technology Management (with specialisations),260.0,303.0,8,NC
431,NC025,Data Science,297.0,371.0,8,NC
432,RC001,Medicine - Undergraduate Entry (HPAT required),729.0,733.0,8,RC
433,RC004,Physiotherapy,532.0,542.0,8,RC
434,RC005,Pharmacy,555.0,566.0,8,RC
435,RC101,Medicine - Graduate Entry (GAMSAT required),60.0,62.0,8,RC
436,TR002,Music,414.0,473.0,8,TR
437,TR003,History,486.0,518.0,8,TR
438,TR004,Law,532.0,552.0,8,TR
439,TR005,Philosophy,391.0,446.0,8,TR
440,TR006,Psychology,555.0,577.0,8,TR
441,TR007,Clinical Speech and Language Studies,499.0,529.0,8,TR
442,TR009,Music Education,430.0,465.0,8,TR
443,TR012,History and Political Science,532.0,557.0,8,TR
444,TR015,"Philosophy, Political Science, Economics and Sociology",566.0,577.0,8,TR
445,TR016,Deaf Studies,337.0,372.0,8,TR
446,TR017,Law and Business,576.0,589.0,8,TR
447,TR018,Law and French,532.0,554.0,8,TR
448,TR019,Law and German,523.0,555.0,8,TR
449,TR020,Law and Political Science,567.0,600.0,8,TR
450,TR021,"Classics, Ancient History and Archaeology",377.0,495.0,8,TR
451,TR022,Early and Modern Irish,347.0,407.0,8,TR
452,TR023,English Studies,463.0,511.0,8,TR
453,TR024,European Studies,520.0,544.0,8,TR
454,TR025,Drama and Theatre Studies,489.0,531.0,8,TR
455,TR028,Ancient and Medieval History and Culture,339.0,451.0,8,TR
456,TR029,Political Science and Geography,477.0,500.0,8,TR
457,TR031,Mathematics,566.0,589.0,8,TR
458,TR032,Engineering,487.0,520.0,8,TR
459,TR033,Computer Science,465.0,488.0,8,TR
460,TR034,Management Science and Information Systems Studies,589.0,602.0,8,TR
461,TR035,Theoretical Physics,554.0,601.0,8,TR
462,TR038,Engineering with Management,499.0,543.0,8,TR
463,TR039,Computer Science and Language,435.0,498.0,8,TR
464,TR040,Middle Eastern and European Languages and Cultures,485.0,518.0,8,TR
465,TR041,Religion,347.0,393.0,8,TR
466,TR051,Medicine (HPAT required),730.0,739.0,8,TR
467,TR052,Dental Science,590.0,602.0,8,TR
468,TR053,Physiotherapy,533.0,544.0,8,TR
469,TR054,Occupational Therapy,500.0,520.0,8,TR
470,TR055,Radiation Therapy,510.0,521.0,8,TR
471,TR056,Human Health and Disease,543.0,565.0,8,TR
472,TR060,Biological and Biomedical Sciences,510.0,542.0,8,TR
473,TR061,Chemical Sciences,488.0,520.0,8,TR
474,TR062,Geography and Geoscience,435.0,485.0,8,TR
475,TR063,Physical Sciences,498.0,543.0,8,TR
476,TR072,Pharmacy,555.0,577.0,8,TR
477,TR080,Global Business,565.0,577.0,8,TR
478,TR081,"Business, Economic and Social Studies (BESS)",518.0,542.0,8,TR
479,TR082,Computer Science and Business,510.0,542.0,8,TR
480,TR083,Sociology and Social Policy,451.0,474.0,8,TR
481,TR084,Social Studies (Social Work),420.0,462.0,8,TR
482,TR085,Business Studies and French,509.0,553.0,8,TR
483,TR086,Business Studies and German,474.0,495.0,8,TR
484,TR087,Business Studies and Russian,467.0,487.0,8,TR
485,TR089,Business Studies and Polish,393.0,434.0,8,TR
486,TR090,Business Studies and Spanish,510.0,543.0,8,TR
487,TR091,General Nursing (Meath and St James`s),393.0,420.0,8,TR
488,TR093,General Nursing (Adelaide School of Nursing),378.0,409.0,8,TR
489,TR095,Mental Health Nursing,358.0,377.0,8,TR
490,TR097,Intellectual Disability Nursing,346.0,350.0,8,TR
491,TR911,Children`s and General Nursing (Integrated),476.0,487.0,8,TR
492,TR913,Midwifery,423.0,462.0,8,TR
493,DN100,Architecture,473.0,509.0,8,DN
494,DN120,Landscape Architecture,353.0,403.0,8,DN
495,DN130,City Planning and Environmental Policy,367.0,421.0,8,DN
496,DN150,Engineering (Common Entry),511.0,554.0,8,DN
497,DN200,Science (options),521.0,554.0,8,DN
498,DN201,Computer Science (Common Entry),488.0,509.0,8,DN
499,DN230,Actuarial and Financial Studies,577.0,589.0,8,DN
500,DN250,Agricultural Science (options),420.0,462.0,8,DN
501,DN252,Dairy Business,398.0,428.0,8,DN
502,DN253,Agri - Environmental Sciences,403.0,419.0,8,DN
503,DN261,Food Science,434.0,467.0,8,DN
504,DN262,Human Nutrition,493.0,510.0,8,DN
505,DN271,Forestry,303.0,361.0,8,DN
506,DN272,"Horticulture, Landscape and Sportsturf Management",252.0,312.0,8,DN
507,DN300,Veterinary Medicine - Undergraduate Entry,567.0,589.0,8,DN
508,DN301,Veterinary Medicine - Graduate Entry,,,8,DN
509,DN310,Veterinary Nursing,441.0,487.0,8,DN
510,DN400,Medicine - Undergraduate Entry (HPAT required),735.0,745.0,8,DN
511,DN401,Medicine - Graduate Entry (GAMSAT required),59.0,61.0,8,DN
512,DN410,Radiography,507.0,522.0,8,DN
513,DN411,Radiography - Graduate Entry,,,8,DN
514,DN420,Physiotherapy,542.0,555.0,8,DN
515,DN425,Health and Performance Science,488.0,509.0,8,DN
516,DN430,Sport and Exercise Management,436.0,455.0,8,DN
517,DN440,"Biomedical, Health and Life Sciences",565.0,579.0,8,DN
518,DN450,General Nursing,398.0,420.0,8,DN
519,DN451,Children`s and General Nursing (Integrated),462.0,499.0,8,DN
520,DN452,Midwifery,409.0,452.0,8,DN
521,DN453,Mental Health Nursing,379.0,403.0,8,DN
522,DN520,Arts (Two Subjects),336.0,408.0,8,DN
523,DN530,Humanities (options),348.0,411.0,8,DN
524,DN541,Modern Languages (options),348.0,412.0,8,DN
525,DN600,Law (options),520.0,532.0,8,DN
526,DN610,Business and Law,521.0,543.0,8,DN
527,DN650,Commerce,498.0,510.0,8,DN
528,DN660,Commerce International (options),507.0,531.0,8,DN
529,DN670,Economics and Finance,601.0,601.0,8,DN
530,DN700,Social Sciences (options),388.0,441.0,8,DN
531,DN710,Economics,476.0,488.0,8,DN
532,DN720,Psychology,517.0,531.0,8,DN
533,DN750,Social Policy and Sociology,330.0,366.0,8,DN
534,DK810,Accounting and Finance,306.0,391.0,8,DK
535,DK816,Business Studies,300.0,357.0,8,DK
536,DK820,Computing in Games Development,307.0,369.0,8,DK
537,DK821,Computing in Software Development,301.0,347.0,8,DK
538,DK830,Building Surveying,302.0,349.0,8,DK
539,DK831,Architectural Technology,301.0,366.0,8,DK
540,DK832,Construction Management,300.0,329.0,8,DK
541,DK843,Engineering (Common Entry),303.0,402.0,8,DK
542,DK860,Music,499.0,649.0,8,DK
543,DK861,Arts,300.0,358.0,8,DK
544,DK862,Social Care,300.0,338.0,8,DK
545,DK863,Creative Media,300.0,376.0,8,DK
546,DK864,Film and Television Production,300.0,332.0,8,DK
547,DK865,Audio and Music Production,301.0,346.0,8,DK
548,DK870,General Nursing,392.0,401.0,8,DK
549,DK872,Intellectual Disability Nursing,300.0,317.0,8,DK
550,DK874,Mental Health Nursing,356.0,378.0,8,DK
551,DK876,Early Childhood Studies,305.0,359.0,8,DK
552,DK877,Midwifery,398.0,441.0,8,DK
553,DK880,Health and Physical Activity,300.0,367.0,8,DK
554,DK882,Agriculture (Award options),303.0,358.0,8,DK
555,DK883,Science (Award options),300.0,369.0,8,DK
556,GA181,Accounting,303.0,378.0,8,GA
557,GA182,Business,290.0,347.0,8,GA
558,GA183,Business Information Systems,309.0,373.0,8,GA
559,GA184,Marketing and Sales,307.0,348.0,8,GA
560,GA185,Finance and Economics,307.0,398.0,8,GA
561,GA186,Business with Entrepreneurship,297.0,328.0,8,GA
562,GA187,Rural Enterprise and Agri-Business (Mountbellew Campus),280.0,367.0,8,GA
563,GA281,Film and Documentary,287.0,360.0,8,GA
564,GA282,Heritage Studies,238.0,308.0,8,GA
565,GA283,Contemporary Art,260.0,340.0,8,GA
566,GA284,Design,309.0,377.0,8,GA
567,GA380,International Hotel Management,225.0,289.0,8,GA
568,GA381,International Tourism Management,261.0,290.0,8,GA
569,GA382,Culinary and Gastronomic Science,225.0,316.0,8,GA
570,GA384,Event Management with Public Relations,209.0,289.0,8,GA
571,GA385,Retail Management,219.0,319.0,8,GA
572,GA480,Construction Management,260.0,312.0,8,GA
573,GA482,Quantity Surveying and Construction Economics,280.0,340.0,8,GA
574,GA483,Architectural Technology,251.0,321.0,8,GA
575,GA484,Civil Engineering,270.0,362.0,8,GA
576,GA580,Software and Electronic Engineering,301.0,351.0,8,GA
577,GA680,Mechanical Engineering,336.0,389.0,8,GA
578,GA681,Energy Engineering,281.0,328.0,8,GA
579,GA682,Biomedical Engineering,331.0,383.0,8,GA
580,GA683,Agricultural Engineering,301.0,365.0,8,GA
581,GA684,Engineering (Common entry to Agri/Biomed/Energy/Mech Eng),346.0,406.0,8,GA
582,GA780,Applied Freshwater and Marine Biology,300.0,360.0,8,GA
583,GA781,Applied Biology and Biopharmaceutical Science,317.0,376.0,8,GA
584,GA782,Chemical and Pharmaceutical Science,307.0,346.0,8,GA
585,GA783,Physics and Instrumentation,373.0,378.0,8,GA
586,GA784,Science (Undenominated),327.0,377.0,8,GA
587,GA785,Medical Science,451.0,486.0,8,GA
588,GA786,Forensic Science and Analysis,300.0,366.0,8,GA
589,GA787,Computing in Software Development,275.0,327.0,8,GA
590,GA788,Computing and Digital Media,270.0,327.0,8,GA
591,GA789,Agriculture and Environmental Management (Mountbellew Campus),297.0,339.0,8,GA
592,GA790,Sport and Exercise Science,350.0,379.0,8,GA
593,GA791,Public Health Nutrition,364.0,397.0,8,GA
594,GA880,General Nursing - Mayo Campus,389.0,400.0,8,GA
595,GA882,Psychiatric Nursing - Mayo Campus,346.0,370.0,8,GA
596,GA885,Outdoor Education - Mayo Campus,210.0,298.0,8,GA
597,GA887,History and Geography - Mayo Campus,228.0,296.0,8,GA
598,GA889,Applied Social Care - Mayo Campus,260.0,297.0,8,GA
599,GA890,Early Childhood Care and Education - Mayo Campus,278.0,319.0,8,GA
600,GA980,Education (Design Graphics and Construction) - Letterfrack Campus,376.0,389.0,8,GA
601,GA981,Furniture Design and Manufacture - Letterfrack Campus,271.0,350.0,8,GA
602,GA982,Furniture and Wood Technology - Letterfrack Campus,270.0,352.0,8,GA
603,GY101,Arts (Joint-Honours),300.0,374.0,8,GY
604,GY104,Arts (Psychology),507.0,529.0,8,GY
605,GY105,Arts (History),318.0,358.0,8,GY
606,GY107,Na Dána (Gaeilge agus Léann an Aistriúcháin),330.0,397.0,8,GY
607,GY109,Arts (Mathematics and Education),411.0,487.0,8,GY
608,GY110,Arts with Children's Studies,382.0,409.0,8,GY
609,GY111,Arts with Creative Writing,402.0,472.0,8,GY
610,GY112,Arts with Film Studies,338.0,370.0,8,GY
611,GY113,Arts with Human Rights,338.0,409.0,8,GY
612,GY115,Arts with Performing Arts Studies,328.0,367.0,8,GY
613,GY118,"Arts (Drama, Theatre and Performance Studies)",410.0,451.0,8,GY
614,GY119,Journalism,410.0,475.0,8,GY
615,GY120,"Arts (Child, Youth and Family: Policy and Practice)",309.0,346.0,8,GY
616,GY121,Arts (Children's Studies),356.0,389.0,8,GY
617,GY122,Na Dána (Cumarsáid agus Gaeilge) ,308.0,399.0,8,GY
618,GY123,BSc (Applied Social Sciences),357.0,388.0,8,GY
619,GY124,Arts (Arts with Data Science),434.0,466.0,8,GY
620,GY125,Arts (Digital Arts and Technology),324.0,379.0,8,GY
621,GY126,Arts (English and Media Studies),418.0,451.0,8,GY
622,GY127,Arts (Film and Digital Media),387.0,435.0,8,GY
623,GY128,Arts (Global Languages),370.0,440.0,8,GY
624,GY129,Arts (International),408.0,477.0,8,GY
625,GY130,Arts (Music),400.0,444.0,8,GY
626,GY131,Arts (History and Globalisation Studies),340.0,431.0,8,GY
627,GY132,"Government (Politics, Economics and Law)",402.0,444.0,8,GY
628,GY133,Education (Computer Science and Mathematical  Studies),401.0,466.0,8,GY
629,GY201,Commerce,420.0,453.0,8,GY
630,GY202,Commerce (International) with French,484.0,513.0,8,GY
631,GY203,Commerce (International) with German,489.0,541.0,8,GY
632,GY204,Commerce (International) with Spanish,484.0,500.0,8,GY
633,GY206,Business Information Systems (Work Placement & Optional Int`l Study),431.0,445.0,8,GY
634,GY207,Commerce (Accounting) including optional Global Experience year,486.0,510.0,8,GY
635,GY208,Commerce (Gaeilge),473.0,488.0,8,GY
636,GY209,Commerce (Global Experience),509.0,531.0,8,GY
637,GY250,Law & Business,436.0,467.0,8,GY
638,GY251,Law,473.0,498.0,8,GY
639,GY252,Law & Human Rights,510.0,521.0,8,GY
640,GY261,"Business Studies (International Hotel Management, Shannon)",486.0,615.0,8,GY
641,GY262,"Commerce (International Hotel Management, Shannon)",671.0,726.0,8,GY
642,GY301,Science,400.0,456.0,8,GY
643,GY303,Biomedical Science,533.0,566.0,8,GY
644,GY304,Biotechnology,473.0,507.0,8,GY
645,GY308,Environmental Science,413.0,440.0,8,GY
646,GY309,Financial Mathematics and Economics,454.0,498.0,8,GY
647,GY310,Marine Science,409.0,456.0,8,GY
648,GY313,Environmental Health and Safety,402.0,435.0,8,GY
649,GY314,Earth and Ocean Sciences,402.0,425.0,8,GY
650,GY318,Biopharmaceutical Chemistry,510.0,532.0,8,GY
651,GY319,Mathematical Science,456.0,531.0,8,GY
652,GY320,"Physics (Degree options: Applied,Astrophysics,Biomedical,Theoretical)",401.0,487.0,8,GY
653,GY350,Computer Science and Information Technology,425.0,466.0,8,GY
654,GY401,Engineering (Undenominated),444.0,499.0,8,GY
655,GY402,Civil Engineering,509.0,543.0,8,GY
656,GY405,Mechanical Engineering,443.0,499.0,8,GY
657,GY406,Electronic and Computer Engineering,509.0,547.0,8,GY
658,GY408,Biomedical Engineering,519.0,543.0,8,GY
659,GY410,Project and Construction Management,434.0,464.0,8,GY
660,GY413,Energy Systems Engineering,532.0,589.0,8,GY
661,GY414,Electrical and Electronic Engineering,454.0,487.0,8,GY
662,GY501,"Medicine (five year/six year course, HPAT required)",726.0,731.0,8,GY
663,GY502,Occupational Therapy,532.0,543.0,8,GY
664,GY503,Speech and Language Therapy,529.0,543.0,8,GY
665,GY504,Podiatric Medicine,434.0,463.0,8,GY
666,GY515,General Nursing (Galway and Portiuncula),442.0,466.0,8,GY
667,GY516,Mental Health Nursing,388.0,413.0,8,GY
668,GY517,Midwifery,429.0,468.0,8,GY
669,LY108,Business - Accounting,318.0,399.0,8,LY
670,LY118,Business,287.0,352.0,8,LY
671,LY208,Law,300.0,359.0,8,LY
672,LY218,Business - with Spanish/Irish options,298.0,367.0,8,LY
673,LY228,Sports and Exercise (Common Entry),278.0,330.0,8,LY
674,LY408,Design (Common Entry),307.0,368.0,8,LY
675,LY508,Fire Safety Engineering,270.0,299.0,8,LY
676,LY518,Quantity Surveying,307.0,368.0,8,LY
677,LY528,Construction Management,267.0,291.0,8,LY
678,LY608,Mechanical Engineering,304.0,333.0,8,LY
679,LY618,Electronics and Embedded Systems,307.0,339.0,8,LY
680,LY708,Applied Computing,300.0,348.0,8,LY
681,LY818,Science (Common Entry),302.0,371.0,8,LY
682,LY828,Agriculture (Common Entry),300.0,342.0,8,LY
683,LY908,General Nursing,383.0,390.0,8,LY
684,LY918,Psychiatric Nursing,291.0,332.0,8,LY
685,LY928,Intellectual Disability Nursing,288.0,299.0,8,LY
686,LY968,"Early Childhood Care, Health and Education",300.0,336.0,8,LY
687,LY978,Health & Social Care (Common Entry),260.0,299.0,8,LY
688,MI001,Contemporary & Applied Theatre Studies,345.0,381.0,8,MI
689,MI002,Arts (offered in conjunction with the University of Limerick),300.0,378.0,8,MI
690,MI005,Education - Primary Teaching,473.0,506.0,8,MI
691,MI006,Education - Primary Teaching (Gaeltacht Applicants),442.0,473.0,8,MI
692,MI007,Early Childhood Care and Education,366.0,402.0,8,MI
693,MI008,Education and Psychology - Primary Teaching,543.0,555.0,8,MI
694,MI009,"Education, Business Studies and Accounting (Thurles Campus)",392.0,420.0,8,MI
695,MI010,"Education, Business Studies and Religious Studies (Thurles Campus)",326.0,355.0,8,MI
696,MI011,"Education, Irish and Religious Studies (Thurles Campus)",377.0,387.0,8,MI
697,MI012,"Education, Irish and Business Studies (Thurles Campus)",398.0,440.0,8,MI
698,MI013,"Education, Mathematics and Gaeilge (Thurles Campus)",433.0,465.0,8,MI
699,CI101,Counselling and Psychotherapy (Limerick),276.0,328.0,8,CI
700,LC110,"Art and Design (Common Entry, portfolio)",734.0,918.0,8,LC
701,LC114,Fashion and Textiles for Product and Costume (portfolio),900.0,988.0,8,LC
702,LC220,Digital Marketing,254.0,288.0,8,LC
703,LC223,Law and Taxation,308.0,372.0,8,LC
704,LC224,Accounting and Finance,299.0,382.0,8,LC
705,LC225,Marketing and Management,298.0,337.0,8,LC
706,LC226,Enterprise and Innovation,216.0,298.0,8,LC
707,LC233,Software Development,300.0,371.0,8,LC
708,LC234,Interactive Digital Media,219.0,288.0,8,LC
709,LC236,Internet Systems Development,298.0,319.0,8,LC
710,LC239,Computer Networks and Systems Management,335.0,347.0,8,LC
711,LC241,Construction Management,276.0,303.0,8,LC
712,LC242,Property Valuation and Management,292.0,328.0,8,LC
713,LC243,Quantity Surveying,281.0,360.0,8,LC
714,LC248,Built Environment (Common Entry),307.0,350.0,8,LC
715,LC252,Civil Engineering Management,281.0,331.0,8,LC
716,LC263,Clinical Technology,282.0,359.0,8,LC
717,LC265,Forensic and Pharmaceutical Sciences,335.0,368.0,8,LC
718,LC266,Drug and Medicinal Product Analysis,236.0,299.0,8,LC
719,LC275,Electrical Engineering,288.0,340.0,8,LC
720,LC288,Mechanical Engineering,307.0,360.0,8,LC
721,LC289,Precision Engineering,280.0,369.0,8,LC
722,LC292,Social Care Work,360.0,389.0,8,LC
723,LC293,Business Studies with Travel and Tourism Management,299.0,326.0,8,LC
724,LC294,Business Studies with Event Management,271.0,300.0,8,LC
725,LC295,Business Studies with Sports Management,263.0,298.0,8,LC
726,LC297,Community Development,217.0,269.0,8,LC
727,LC320,Business,337.0,378.0,8,LC
728,LC330,Business with Computing,298.0,326.0,8,LC
729,LC340,Interior Design,298.0,349.0,8,LC
730,LC362,Biotechnology and Biopharmaceutical Sciences,379.0,402.0,8,LC
731,LC371,Creative Broadcast and Film Production,298.0,339.0,8,LC
732,LC372,Music Technology and Production,321.0,369.0,8,LC
733,LC374,Renewable and Electrical Energy Engineering,317.0,368.0,8,LC
734,LC375,Industrial Automation & Robotic Systems,321.0,368.0,8,LC
735,LC376,Electronic Engineering,308.0,346.0,8,LC
736,LC380,Automotive Engineering and Transport Management,282.0,329.0,8,LC
737,LC392,Beauty and Spa Management,217.0,318.0,8,LC
738,LC393,Early Childhood Education & Care,260.0,309.0,8,LC
739,LC401,Early Childhood Education & Care (Thurles),298.0,387.0,8,LC
740,LC402,Social Care Work (Thurles),209.0,290.0,8,LC
741,LC408,Environmental and Geographical Sciences (Thurles),262.0,346.0,8,LC
742,LC411,Marketing and Management (Thurles),226.0,300.0,8,LC
743,LC418,Computing - Games Design and Development (Thurles),271.0,318.0,8,LC
744,LC422,Sports Strength and Conditioning (Thurles),288.0,333.0,8,LC
745,LC434,Environmental Management in Agriculture (Thurles),278.0,347.0,8,LC
746,LC502,"Game Art and Design (Clonmel, portfolio)",838.0,950.0,8,LC
747,LC517,Creative Media and Design (Clonmel),229.0,273.0,8,LC
748,LC518,"Digital Animation Production (Clonmel, portfolio)",816.0,962.0,8,LC
749,LC612,Social Care Work (Ennis),319.0,338.0,8,LC
750,LC613,Early Childhood Education & Care (Ennis),346.0,388.0,8,LC
751,LM002,Arts (offered in conjunction with Mary Immaculate College),329.0,388.0,8,LM
752,LM020,Law and Accounting,436.0,476.0,8,LM
753,LM026,Performing Arts (audition required),307.0,367.0,8,LM
754,LM028,Criminal Justice,387.0,409.0,8,LM
755,LM029,Law Plus,473.0,499.0,8,LM
756,LM038,Psychology and Sociology,478.0,489.0,8,LM
757,LM039,Journalism and New Media,388.0,430.0,8,LM
758,LM040,European Studies,350.0,462.0,8,LM
759,LM044,Applied Languages,404.0,473.0,8,LM
760,LM050,Business Studies,419.0,455.0,8,LM
761,LM056,International Business,511.0,543.0,8,LM
762,LM058,Financial Mathematics,434.0,543.0,8,LM
763,LM063,Technology Management,372.0,409.0,8,LM
764,LM068,Food Science and Health,400.0,430.0,8,LM
765,LM076,Product Design and Technology (portfolio required),402.0,466.0,8,LM
766,LM077,Aeronautical Engineering,469.0,531.0,8,LM
767,LM082,Construction Management and Engineering,368.0,404.0,8,LM
768,LM089,Sport and Exercise Sciences,441.0,466.0,8,LM
769,LM090,Physical Education with concurrent Teacher Education,498.0,520.0,8,LM
770,LM092,Science with Teacher Ed (Biology with Physics/Chemistry/Ag Science),478.0,509.0,8,LM
771,LM093,Equine Science,338.0,381.0,8,LM
772,LM094,Materials and Architectural Technology with concurrent Teacher Education,405.0,433.0,8,LM
773,LM095,Materials and Engineering Technology with concurrent Teacher Education,358.0,409.0,8,LM
774,LM096,Science with Teacher Ed (Physical Sciences with Chemistry and Physics),382.0,422.0,8,LM
775,LM099,Architecture (portfolio required),419.0,473.0,8,LM
776,LM100,Physiotherapy,565.0,577.0,8,LM
777,LM101,Medicine  - Graduate Entry (GAMSAT required),55.0,57.0,8,LM
778,LM102,Psychology,495.0,519.0,8,LM
779,LM103,Paramedic Studies (B and C1 Drivers Licence),313.0,403.0,8,LM
780,LM115,Chemical and Biochemical Engineering,456.0,520.0,8,LM
781,LM116,Engineering (Biomedical/Civil/Design and Manufacture/Mechanical),434.0,498.0,8,LM
782,LM118,Electronic and Computer Engineering,401.0,498.0,8,LM
783,LM121,Computer Science (Computer Systems/Games Dev/Mobile Comm Security),352.0,420.0,8,LM
784,LM122,Creative Media and Interaction Design (Digital Design/Music Media Tech),330.0,430.0,8,LM
785,LM123,Biological & Chemical Sciences (Biosci/Envir Sci/Ind Bio/IndPharma Chem),412.0,455.0,8,LM
786,LM124,Mathematics (Math Science/Maths and Physics/Economics and Math Scienc,427.0,521.0,8,LM
787,LM125,Physics (Applied Physics/Mathematics and Physics),405.0,509.0,8,LM
788,LM150,General Nursing,440.0,463.0,8,LM
789,LM152,Mental Health Nursing,388.0,418.0,8,LM
790,LM154,Intellectual Disability Nursing,381.0,408.0,8,LM
791,LM156,Midwifery,429.0,444.0,8,LM
792,MU001,Theology and Arts,290.0,318.0,8,MU
793,MU002,Theology,292.0,377.0,8,MU
794,MH001,Education - Primary Teaching (Froebel),496.0,520.0,8,MH
795,MH002,Education - Primary Teaching - Gaeltacht Applicants (Froebel),441.0,,8,MH
796,MH101,Arts,316.0,369.0,8,MH
797,MH103,Music,,367.0,8,MH
798,MH106,Psychology - 3 years,495.0,499.0,8,MH
799,MH107,Social Science,326.0,349.0,8,MH
800,MH109,Media Studies,317.0,377.0,8,MH
801,MH116,Community and Youth Work (Full-Time),,271.0,8,MH
802,MH201,Science,350.0,392.0,8,MH
803,MH202,Biotechnology,429.0,446.0,8,MH
804,MH204,Physics with Astrophysics,420.0,488.0,8,MH
805,MH206,Theoretical Physics and Mathematics,498.0,566.0,8,MH
806,MH207,Data Science,434.0,466.0,8,MH
807,MH208,Biological and Biomedical Sciences,451.0,476.0,8,MH
808,MH209,Psychology (through Science) - 4 years,473.0,485.0,8,MH
809,MH210,Pharmaceutical and Biomedical Chemistry,446.0,466.0,8,MH
810,MH212,Science/Computer Science/Mathematics (with Education) - options,444.0,476.0,8,MH
811,MH304,Engineering (Computer/Electronic/Communications),371.0,423.0,8,MH
812,MH305,Product Design,358.0,411.0,8,MH
813,MH306,Robotics and Intelligent Devices,361.0,424.0,8,MH
814,MH401,Finance (options),352.0,392.0,8,MH
815,MH402,Quantitative Finance,476.0,487.0,8,MH
816,MH403,Accounting and Finance,402.0,432.0,8,MH
817,MH404,Business (options),400.0,429.0,8,MH
818,MH405,Equine Business,357.0,398.0,8,MH
819,MH407,Business and Accounting,401.0,420.0,8,MH
820,MH411,Entrepreneurship,358.0,388.0,8,MH
821,MH501,LLB Law - four year Single Major Law programme,451.0,476.0,8,MH
822,MH502,Law (options),410.0,442.0,8,MH
823,MH601,Computer Science through Arts (options),342.0,369.0,8,MH
824,MH602,Computer Science through Science (options),357.0,413.0,8,MH
825,MH603,Computational Thinking,520.0,543.0,8,MH
826,MH801,Early Childhood - Teaching and Learning (part-time),347.0,358.0,8,MH
827,MH802,"Community and Youth Work (part-time, in service",,,8,MH
828,MH803,"Local Studies or Community Studies (part-time, evening)- Mature Students",,,8,MH
829,AS001,"Education, Home Economics and Biology - with concurrent Teacher Ed",456.0,497.0,8,AS
830,AS002,"Education, Home Economics and Religious Ed - with concurrent Teacher Ed",400.0,433.0,8,AS
831,AS003,"Education, Home Economics and Irish - with concurrent Teacher Ed",421.0,457.0,8,AS
832,AS051,"Nutrition, Food and Business Management",337.0,399.0,8,AS
833,AS054,Home Economics,387.0,401.0,8,AS
834,AS110,General Nursing,391.0,409.0,8,AS
835,AS130,Intellectual Disability Nursing,317.0,338.0,8,AS
836,SG141,Business,252.0,317.0,8,SG
837,SG142,Business in International Marketing and Sales with French,270.0,388.0,8,SG
838,SG144,Business in International Marketing and Sales with Spanish,280.0,388.0,8,SG
839,SG146,Accounting,307.0,347.0,8,SG
840,SG147,Sport with Business,269.0,316.0,8,SG
841,SG148,Tourism with Event Management,246.0,282.0,8,SG
842,SG149,Business in Finance and Investment,262.0,357.0,8,SG
843,SG241,Performing Arts,279.0,348.0,8,SG
844,SG242,Early Childhood Care and Education,278.0,318.0,8,SG
845,SG243,Social Care Practice,297.0,338.0,8,SG
846,SG244,Fine Art,355.0,496.0,8,SG
847,SG245,Creative Design,261.0,338.0,8,SG
848,SG246,Computing,295.0,368.0,8,SG
849,SG247,English and Psychology,308.0,336.0,8,SG
850,SG248,Sociology and Politics,282.0,320.0,8,SG
851,SG249,Writing and Literature,279.0,338.0,8,SG
852,SG250,Application Design and User Experience,290.0,431.0,8,SG
853,SG251,Computing (Smart Technologies),303.0,391.0,8,SG
854,SG252,Software Development,300.0,354.0,8,SG
855,SG253,Computer Networks and Cloud Infrastructure,273.0,341.0,8,SG
856,SG343,Quantity Surveying,261.0,302.0,8,SG
857,SG346,Construction Project Management and Applied Technology,289.0,351.0,8,SG
858,SG347,Architecture,309.0,357.0,8,SG
859,SG441,Environmental Science,297.0,358.0,8,SG
860,SG442,Occupational Safety and Health,289.0,330.0,8,SG
861,SG443,Human Nutrition,357.0,419.0,8,SG
862,SG444,Science (Undenominated),308.0,369.0,8,SG
863,SG445,Pharmaceutical Science with Drug Development,347.0,369.0,8,SG
864,SG446,Applied Archaeology,289.0,290.0,8,SG
865,SG447,Health Science and Physical Activity,316.0,363.0,8,SG
866,SG448,Forensic Investigation and Analysis,306.0,348.0,8,SG
867,SG449,Medical Biotechnology,329.0,352.0,8,SG
868,TL801,Animation Visual Effects and Motion Design,281.0,341.0,8,TL
869,TL802,"TV, Radio and New Media",306.0,356.0,8,TL
870,TL803,Music Technology,264.0,288.0,8,TL
871,TL810,Computing with Software Development,309.0,341.0,8,TL
872,TL811,Computing with Games Development,310.0,334.0,8,TL
873,TL812,Computing with Digital Media,369.0,369.0,8,TL
874,TL815,Computing (Degree Award options),308.0,378.0,8,TL
875,TL823,Event Management (3 year programme),291.0,346.0,8,TL
876,TL831,Business Studies (Major Specialism in: Acctng or Mktg or Mgmnt),307.0,372.0,8,TL
877,TL842,Construction Management,,,8,TL
878,TL844,Agricultural Engineering,311.0,368.0,8,TL
879,TL845,Civil Engineering,300.0,364.0,8,TL
880,TL847,Manufacturing Engineering,,,8,TL
881,TL848,Agricultural Science,331.0,362.0,8,TL
882,TL851,Wildlife Biology (Degree Award options),310.0,362.0,8,TL
883,TL855,Pharmaceutical Science (Degree Award options),342.0,386.0,8,TL
884,TL858,Veterinary Bioscience,326.0,369.0,8,TL
885,TL871,Health and Leisure (Degree Award options),303.0,346.0,8,TL
886,TL872,Health and Leisure with Massage,288.0,357.0,8,TL
887,TL873,Coaching and Sports Performance,282.0,336.0,8,TL
888,TL880,Early Childhood Care and Education,307.0,347.0,8,TL
889,TL881,Social Care,308.0,356.0,8,TL
890,TL889,Counselling with Addiction - Mature applicants only,,,8,TL
891,TL890,General Nursing and Mature Applicants,407.0,431.0,8,TL
892,TL891,Mental Health Nursing and Mature Applicants,367.0,379.0,8,TL
893,WD001,Applied Computing (options),279.0,358.0,8,WD
894,WD002,Science (options),302.0,377.0,8,WD
895,WD005,Health Sciences (options),288.0,347.0,8,WD
896,WD006,Exercise Sciences (options),282.0,337.0,8,WD
897,WD007,Engineering (options),287.0,382.0,8,WD
898,WD025,Construction Management and Engineering,269.0,327.0,8,WD
899,WD027,Music,290.0,317.0,8,WD
900,WD048,Business (options),278.0,357.0,8,WD
901,WD084,Accounting,307.0,403.0,8,WD
902,WD091,Hospitality Management,210.0,281.0,8,WD
903,WD116,General Nursing,413.0,430.0,8,WD
904,WD117,Psychiatric Nursing,361.0,382.0,8,WD
905,WD120,Intellectual Disability Nursing,338.0,359.0,8,WD
906,WD134,International Business,289.0,350.0,8,WD
907,WD137,Design (Visual Communications),253.0,373.0,8,WD
908,WD140,Laws,290.0,352.0,8,WD
909,WD144,Architecture,283.0,385.0,8,WD
910,WD147,Pharmaceutical Science,298.0,363.0,8,WD
911,WD148,Tourism Marketing,269.0,338.0,8,WD
912,WD149,Early Childhood Studies,288.0,336.0,8,WD
913,WD150,Criminal Justice Studies,271.0,311.0,8,WD
914,WD152,Visual Art,253.0,323.0,8,WD
915,WD161,Computer Forensics and Security,262.0,401.0,8,WD
916,WD162,Quantity Surveying,260.0,320.0,8,WD
917,WD163,Psychology,390.0,429.0,8,WD
918,WD186,Sports Coaching and Performance,276.0,327.0,8,WD
919,WD187,Social Science,271.0,321.0,8,WD
920,WD191,Agricultural Science,378.0,421.0,8,WD
921,WD192,Social Care Practice,279.0,323.0,8,WD
922,WD193,Marketing and Digital Media,290.0,358.0,8,WD
923,WD194,Culinary Arts,235.0,331.0,8,WD
924,WD195,Architectural and Building Information Modelling Technology,266.0,305.0,8,WD
925,WD200,Arts (options),221.0,296.0,8,WD
926,WD210,Software Systems Development,271.0,329.0,8,WD
927,WD211,Creative Computing,275.0,322.0,8,WD
928,WD212,Recreation and Sport Management,274.0,311.0,8,WD
929,WD230,Mechanical and Manufacturing Engineering,273.0,348.0,8,WD
930,AL600,Software Design,205.0,306.0,6 or 7,AL
931,AL601,Computer Engineering,196.0,272.0,6 or 7,AL
932,AL602,Mechanical Engineering,258.0,424.0,6 or 7,AL
933,AL604,Civil Engineering,252.0,360.0,6 or 7,AL
934,AL630,Pharmacy Technician,306.0,366.0,6 or 7,AL
935,AL631,Dental Nursing,326.0,379.0,6 or 7,AL
936,AL632,Applied Science,243.0,372.0,6 or 7,AL
937,AL650,Business,210.0,317.0,6 or 7,AL
938,AL651,Music and Instrument Technology,,296.0,6 or 7,AL
939,AL660,Culinary Arts,,216.0,6 or 7,AL
940,AL661,Bar Supervision,,216.0,6 or 7,AL
941,AL663,Business (Sport and Recreation),,270.0,6 or 7,AL
942,AL701,ICT Engineering: Computer Eng/Network Mgmnt/Electronic Comms,235.0,310.0,6 or 7,AL
943,AL704,Computer Engineering,205.0,307.0,6 or 7,AL
944,AL705,Software Design with Mobile Apps and Connected Devices,206.0,321.0,6 or 7,AL
945,AL710,Mechanical Engineering,242.0,337.0,6 or 7,AL
946,AL711,Mechanical Engineering and Renewable Energy,231.0,310.0,6 or 7,AL
947,AL712,Mechatronics,269.0,364.0,6 or 7,AL
948,AL713,Engineering (Common Entry to Mechanical/Renewable/Mechatronic Eng),245.0,371.0,6 or 7,AL
949,AL721,Civil Engineering,217.0,368.0,6 or 7,AL
950,AL730,Biotechnology,232.0,382.0,6 or 7,AL
951,AL731,Veterinary Nursing,393.0,451.0,6 or 7,AL
952,AL734,Pharmaceutical Sciences (Drug Development and Analysis),225.0,389.0,6 or 7,AL
953,AL740,Exercise and Health Science,241.0,348.0,6 or 7,AL
954,AL751,Digital Marketing,226.0,336.0,6 or 7,AL
955,AL752,Business,232.0,387.0,6 or 7,AL
956,AL761,Hotel and Leisure Management,200.0,304.0,6 or 7,AL
957,AL763,Graphic Design (portfolio),626.0,820.0,6 or 7,AL
958,AL764,Early Years Care and Education,270.0,387.0,6 or 7,AL
959,AL765,Applied Social Studies in Social Care,281.0,346.0,6 or 7,AL
960,CW006,Business (Wexford),153.0,270.0,6 or 7,CW
961,CW017,Applied Social Studies - Professional Social Care (Wexford),224.0,289.0,6 or 7,CW
962,CW027,Sustainable Farm Management and Agribusiness (Wexford),226.0,302.0,6 or 7,CW
963,CW037,"Business (options, Wexford)",349.0,387.0,6 or 7,CW
964,CW047,Visual Communications and Design (Wexford),198.0,311.0,6 or 7,CW
965,CW057,"Art (portfolio, Wexford)",700.0,700.0,6 or 7,CW
966,CW077,Tourism and Event Management (Wexford),204.0,259.0,6 or 7,CW
967,CW106,Physiology and Health Science,454.0,499.0,6 or 7,CW
968,CW107,Analytical Science,215.0,316.0,6 or 7,CW
969,CW116,Pharmacy Technician Studies,241.0,351.0,6 or 7,CW
970,CW117,Biosciences,205.0,351.0,6 or 7,CW
971,CW126,Science - Applied Biology or Applied Chemistry,198.0,380.0,6 or 7,CW
972,CW206,Computing - Applications or Programming,206.0,337.0,6 or 7,CW
973,CW207,Software Development,235.0,300.0,6 or 7,CW
974,CW217,Information Technology Management,234.0,311.0,6 or 7,CW
975,CW227,Cybercrime and IT Security,233.0,317.0,6 or 7,CW
976,CW237,Computing in Interactive Digital Art and Design,216.0,321.0,6 or 7,CW
977,CW407,Architectural Technology,186.0,298.0,6 or 7,CW
978,CW417,Construction Management with Building Services,215.0,311.0,6 or 7,CW
979,CW427,Civil Engineering,201.0,298.0,6 or 7,CW
980,CW507,Aircraft Systems,285.0,358.0,6 or 7,CW
981,CW517,Mechanical Engineering,252.0,336.0,6 or 7,CW
982,CW527,Electronic Engineering,225.0,338.0,6 or 7,CW
983,CW547,TV and Media Production,306.0,370.0,6 or 7,CW
984,CW706,Legal Studies,196.0,331.0,6 or 7,CW
985,CW707,Industrial Design,199.0,313.0,6 or 7,CW
986,CW717,Applied Social Studies - Professional Social Care,260.0,308.0,6 or 7,CW
987,CW807,Sport Coaching and Business Management - GAA (portfolio),700.0,700.0,6 or 7,CW
988,CW817,Sport Coaching and Business Management - Rugby (portfolio),700.0,700.0,6 or 7,CW
989,CW827,Sport Coaching and Business Management - Soccer (portfolio),700.0,700.0,6 or 7,CW
990,CW837,Digital Marketing with Analytics,240.0,308.0,6 or 7,CW
991,CW906,Business,173.0,288.0,6 or 7,CW
992,CW917,Business (options),200.0,317.0,6 or 7,CW
993,CW926,Business with Law,204.0,368.0,6 or 7,CW
994,CW927,Business Administration,205.0,367.0,6 or 7,CW
995,CW936,Accounting,204.0,414.0,6 or 7,CW
996,PC402,Arts and Humanities,126.0,328.0,6 or 7,PC
997,PC404,Applied Social Studies - Professional Social Care,,245.0,6 or 7,PC
998,CR001,Applied Physics and Instrumentation,258.0,488.0,6 or 7,CR
999,CR006,Applied Biosciences,380.0,467.0,6 or 7,CR
1000,CR007,Analytical and Pharmaceutical Chemistry,246.0,455.0,6 or 7,CR
1001,CR010,Agriculture (Year 1 - 4 days in Clonakilty Agri College & 1 day in CIT),270.0,368.0,6 or 7,CR
1002,CR016,Software Development,270.0,393.0,6 or 7,CR
1003,CR021,Business (Common Entry),250.0,397.0,6 or 7,CR
1004,CR022,Business Administration,206.0,262.0,6 or 7,CR
1005,CR031,Social Care,326.0,389.0,6 or 7,CR
1006,CR032,Recreation and Leisure Management,250.0,349.0,6 or 7,CR
1007,CR035,Community Development,162.0,271.0,6 or 7,CR
1008,CR041,Tourism Management,180.0,318.0,6 or 7,CR
1009,CR042,Hospitality Management,101.0,307.0,6 or 7,CR
1010,CR046,Automotive Technology and Management,214.0,263.0,6 or 7,CR
1011,CR051,Civil Engineering,244.0,403.0,6 or 7,CR
1012,CR052,Construction,232.0,311.0,6 or 7,CR
1013,CR053,Interior Architecture,253.0,367.0,6 or 7,CR
1014,CR055,Environmental Engineering,255.0,424.0,6 or 7,CR
1015,CR061,Electronic Engineering,308.0,520.0,6 or 7,CR
1016,CR062,Electrical Engineering,279.0,356.0,6 or 7,CR
1017,CR071,Mechanical Engineering,250.0,410.0,6 or 7,CR
1018,CR075,Biomedical Engineering,350.0,490.0,6 or 7,CR
1019,CR090,Architectural Technology,251.0,419.0,6 or 7,CR
1020,CR094,Nautical Science at National Maritime College of Ireland,237.0,377.0,6 or 7,CR
1021,CR095,Marine Engineering at National Maritime College of Ireland,224.0,339.0,6 or 7,CR
1022,CR300,Physical Sciences (Common Entry),270.0,509.0,6 or 7,CR
1023,CR620,Early Childhood Education and Care,337.0,419.0,6 or 7,CR
1024,CR640,Culinary Arts,125.0,309.0,6 or 7,CR
1025,CR650,Beverage Industry Management,182.0,300.0,6 or 7,CR
1026,CR655,Culinary Studies,116.0,281.0,6 or 7,CR
1027,CR657,Hospitality Studies,162.0,236.0,6 or 7,CR
1028,CR805,Marine Electrotechnology at National Maritime College of Ireland,217.0,328.0,6 or 7,CR
1029,CR888,Information Technology,271.0,356.0,6 or 7,CR
1030,CT110,Computing in Information Technology,171.0,413.0,6 or 7,CT
1031,CT116,Information Technology,178.0,365.0,6 or 7,CT
1032,CT316,Business,180.0,269.0,6 or 7,CT
1033,DS602,Computing and Multimedia,225.0,233.0,6 or 7,DS
1034,DS603,Computing and Multimedia,341.0,370.0,6 or 7,DS
1035,DS701,Business,,,6 or 7,DS
1036,DS702,Computing and Multimedia,102.0,365.0,6 or 7,DS
1037,DB513,Business,117.0,280.0,6 or 7,DB
1038,DB522,Business in Accounting,112.0,454.0,6 or 7,DB
1039,DB528,Applied Social Care,,307.0,6 or 7,DB
1040,DB533,Business in Marketing,112.0,223.0,6 or 7,DB
1041,DB534,Sound Engineering and Music Production,179.0,309.0,6 or 7,DB
1042,DB563,Arts,128.0,318.0,6 or 7,DB
1043,DB571,Business Studies,134.0,371.0,6 or 7,DB
1044,DB572,Business in Accounting,,403.0,6 or 7,DB
1045,DB573,Business in Marketing,127.0,291.0,6 or 7,DB
1046,DB574,Business in Information Technology,,367.0,6 or 7,DB
1047,DB575,Social Studies,120.0,346.0,6 or 7,DB
1048,DB576,Film and Media,100.0,318.0,6 or 7,DB
1049,DB580,Legal Studies,108.0,318.0,6 or 7,DB
1050,DB581,Legal and Business Studies,156.0,391.0,6 or 7,DB
1051,DB582,Legal Studies,108.0,290.0,6 or 7,DB
1052,DB583,Legal and Business Studies,190.0,431.0,6 or 7,DB
1053,DT002,Engineering Reliability Management,234.0,357.0,6 or 7,DT
1054,DT003,Automation Engineering,270.0,335.0,6 or 7,DT
1055,DT004,Civil Engineering,243.0,322.0,6 or 7,DT
1056,DT005,Building Engineering,260.0,317.0,6 or 7,DT
1057,DT006,Mechanical Engineering,301.0,393.0,6 or 7,DT
1058,DT007,Automotive Management and Technology,240.0,313.0,6 or 7,DT
1059,DT008,Electronics and Communications Engineering,241.0,367.0,6 or 7,DT
1060,DT009,Electrical and Control Engineering,241.0,318.0,6 or 7,DT
1061,DT010,Electrical Services Engineering,243.0,290.0,6 or 7,DT
1062,DT011,Aviation Technology,346.0,397.0,6 or 7,DT
1063,DT080,Networking Technologies,241.0,336.0,6 or 7,DT
1064,DT097,Engineering (General Entry),370.0,466.0,6 or 7,DT
1065,DT104,"Auctioneering, Valuation and Estate Agency",290.0,367.0,6 or 7,DT
1066,DT169,Timber Product Technology,244.0,356.0,6 or 7,DT
1067,DT212,Science (General Entry),380.0,497.0,6 or 7,DT
1068,DT219,Ophthalmic Dispensing,302.0,441.0,6 or 7,DT
1069,DT259,Biosciences,400.0,487.0,6 or 7,DT
1070,DT260,Industrial and Environmental Physics,260.0,476.0,6 or 7,DT
1071,DT261,Medicinal Chemistry and Pharmaceutical Sciences,388.0,489.0,6 or 7,DT
1072,DT303,Marketing,320.0,412.0,6 or 7,DT
1073,DT315,Business Studies,320.0,431.0,6 or 7,DT
1074,DT324,Business Management,325.0,433.0,6 or 7,DT
1075,DT360,Retail Management and Marketing,290.0,326.0,6 or 7,DT
1076,DT404,Food Management and Entrepreneurship,268.0,376.0,6 or 7,DT
1077,DT406,Tourism Management,260.0,357.0,6 or 7,DT
1078,DT408,Hospitality Management,250.0,357.0,6 or 7,DT
1079,DT411,Leisure Management,250.0,317.0,6 or 7,DT
1080,DT418,Baking and Pastry Arts Management,240.0,398.0,6 or 7,DT
1081,DT424,Food Science and Management,270.0,393.0,6 or 7,DT
1082,DT425,Pharmacy Technician Studies,336.0,398.0,6 or 7,DT
1083,DT426,Bar and Restaurant Management,241.0,320.0,6 or 7,DT
1084,DT432,Culinary Arts (Professional Cookery Practice),242.0,382.0,6 or 7,DT
1085,DT598,Visual Merchandising and Display,463.0,873.0,6 or 7,DT
1086,DL701,Business - Applied Entrepreneurship,154.0,299.0,6 or 7,DL
1087,GC265,Journalism (Cork),,,6 or 7,GC
1088,GC306,International Hospitality Management (Limerick),,,6 or 7,GC
1089,GC335,Computing (Limerick),213.0,260.0,6 or 7,GC
1090,GC406,International Hospitality Management (Dublin),189.0,217.0,6 or 7,GC
1091,GC410,Marketing (Dublin),204.0,357.0,6 or 7,GC
1092,GC411,Business (Dublin),,349.0,6 or 7,GC
1093,GC416,Business (Dublin),142.0,190.0,6 or 7,GC
1094,GC425,Legal Studies (Dublin),,,6 or 7,GC
1095,GC435,Computing (Dublin),101.0,269.0,6 or 7,GC
1096,GC460,Music Production for Games (Dublin),,,6 or 7,GC
1097,GC465,Journalism (Dublin),144.0,367.0,6 or 7,GC
1098,GC466,Film and TV Production (Dublin),100.0,308.0,6 or 7,GC
1099,GC470,Photographic Media (Dublin),117.0,279.0,6 or 7,GC
1100,GC475,Photography (Dublin),128.0,289.0,6 or 7,GC
1101,GC490,Interior Design (Dublin),127.0,309.0,6 or 7,GC
1102,GC495,Fashion (Dublin),136.0,338.0,6 or 7,GC
1103,BN001,Computer Engineering,180.0,327.0,6 or 7,BN
1104,BN002,Computing (Information Technology),182.0,290.0,6 or 7,BN
1105,BN003,Business,180.0,251.0,6 or 7,BN
1106,BN009,Mechatronic Engineering,191.0,268.0,6 or 7,BN
1107,BN010,Business and Information Technology,183.0,280.0,6 or 7,BN
1108,BN011,Applied Social Studies in Social Care,270.0,357.0,6 or 7,BN
1109,BN012,Computer Engineering,180.0,305.0,6 or 7,BN
1110,BN013,Computing (Information Technology),108.0,252.0,6 or 7,BN
1111,BN014,Business,182.0,337.0,6 or 7,BN
1112,BN015,Engineering (Common Entry with Award options),126.0,255.0,6 or 7,BN
1113,BN016,Business (Common Entry with Award options),138.0,258.0,6 or 7,BN
1114,BN017,International Business,180.0,360.0,6 or 7,BN
1115,BN020,Sports Management and Coaching,232.0,297.0,6 or 7,BN
1116,BN021,Creative Digital Media,180.0,320.0,6 or 7,BN
1117,BN022,Horticulture,187.0,341.0,6 or 7,BN
1118,BN023,Accounting and Finance,241.0,398.0,6 or 7,BN
1119,BN025,Community and Youth Development,152.0,254.0,6 or 7,BN
1120,BN030,Early Childhood Care and Education,231.0,371.0,6 or 7,BN
1121,BN034,Digital Forensics and Cyber Security,198.0,281.0,6 or 7,BN
1122,BN040,Digital Marketing,180.0,299.0,6 or 7,BN
1123,BN049,"Design,Technology and Innovation",203.0,339.0,6 or 7,BN
1124,TA006,Culinary Arts (Level 6),133.0,241.0,6 or 7,TA
1125,TA014,Advertising and Marketing Communications,288.0,676.0,6 or 7,TA
1126,TA015,International Hospitality and Tourism Management,140.0,223.0,6 or 7,TA
1127,TA016,Culinary Arts (Level 7),190.0,262.0,6 or 7,TA
1128,TA106,Business (Common entry),179.0,254.0,6 or 7,TA
1129,TA111,Accounting and Finance,185.0,308.0,6 or 7,TA
1130,TA113,Management,171.0,269.0,6 or 7,TA
1131,TA114,Marketing,171.0,260.0,6 or 7,TA
1132,TA116,International Business,184.0,317.0,6 or 7,TA
1133,TA117,Digital Marketing,180.0,269.0,6 or 7,TA
1134,TA201,Electronic Engineering,215.0,244.0,6 or 7,TA
1135,TA203,Mechanical Engineering,187.0,268.0,6 or 7,TA
1136,TA213,Mechanical Engineering,186.0,297.0,6 or 7,TA
1137,TA215,Sustainable Energy and Environmental Engineering,196.0,309.0,6 or 7,TA
1138,TA216,Electronic Engineering,201.0,280.0,6 or 7,TA
1139,TA218,Biomedical Design,208.0,340.0,6 or 7,TA
1140,TA219,Engineering Software,233.0,300.0,6 or 7,TA
1141,TA301,Applied Biology,204.0,338.0,6 or 7,TA
1142,TA302,Computing,180.0,235.0,6 or 7,TA
1143,TA311,Bioanalysis,200.0,261.0,6 or 7,TA
1144,TA312,Computing,204.0,300.0,6 or 7,TA
1145,TA313,Information Technology Management,198.0,291.0,6 or 7,TA
1146,TA314,Pharmaceutical Science,250.0,327.0,6 or 7,TA
1147,TA315,DNA and Forensic Analysis,280.0,369.0,6 or 7,TA
1148,TA316,Sports Science and Health,331.0,399.0,6 or 7,TA
1149,NC102,Computing in Applications and Support,220.0,307.0,6 or 7,NC
1150,NC103,Business,251.0,308.0,6 or 7,NC
1151,NC104,Business Computing,233.0,320.0,6 or 7,NC
1152,NC105,Data Science,297.0,466.0,6 or 7,NC
1153,NM701,Montessori Education,143.0,357.0,6 or 7,NM
1154,TR801,Dental Nursing,379.0,430.0,6 or 7,TR
1155,TR802,Dental Hygiene,520.0,531.0,6 or 7,TR
1156,TR803,Dental Technology,367.0,477.0,6 or 7,TR
1157,DK710,Business and Management,,346.0,6 or 7,DK
1158,DK711,Business and Technology,131.0,337.0,6 or 7,DK
1159,DK712,Digital Marketing and Public Relations,147.0,328.0,6 or 7,DK
1160,DK721,Computing,120.0,295.0,6 or 7,DK
1161,DK730,Building Surveying,,293.0,6 or 7,DK
1162,DK731,Architectural Technology,184.0,340.0,6 or 7,DK
1163,DK732,Construction Management,138.0,280.0,6 or 7,DK
1164,DK740,Engineering - Electrical and Electronic Systems,176.0,273.0,6 or 7,DK
1165,DK742,Engineering - Mechanical Engineering,120.0,325.0,6 or 7,DK
1166,DK744,Engineering - Civil Engineering,183.0,345.0,6 or 7,DK
1167,DK750,Hospitality Management,194.0,308.0,6 or 7,DK
1168,DK752,Event Management,,326.0,6 or 7,DK
1169,DK753,Culinary Arts,165.0,281.0,6 or 7,DK
1170,DK763,"Sport, Exercise and Enterprise",200.0,326.0,6 or 7,DK
1171,DK767,Community Youth Work,280.0,360.0,6 or 7,DK
1172,DK768,Audio and Music Production,290.0,424.0,6 or 7,DK
1173,DK769,Creative Media,140.0,328.0,6 or 7,DK
1174,DK770,Theatre & Film Practice,175.0,369.0,6 or 7,DK
1175,DK781,Science - Bioscience,268.0,376.0,6 or 7,DK
1176,DK783,Science - Pharmaceutical Science,265.0,367.0,6 or 7,DK
1177,DK784,Veterinary Nursing,347.0,388.0,6 or 7,DK
1178,GA160,Business,162.0,288.0,6 or 7,GA
1179,GA170,Business,246.0,387.0,6 or 7,GA
1180,GA171,Business Information Systems,246.0,393.0,6 or 7,GA
1181,GA172,Rural Enterprise and Agri-Business - Mountbellew Campus,278.0,358.0,6 or 7,GA
1182,GA174,Marketing and Sales,283.0,388.0,6 or 7,GA
1183,GA175,Finance,301.0,466.0,6 or 7,GA
1184,GA176,Business with Entrepreneurship,272.0,372.0,6 or 7,GA
1185,GA272,Heritage Studies,160.0,317.0,6 or 7,GA
1186,GA273,Contemporary Art,205.0,398.0,6 or 7,GA
1187,GA274,Design,214.0,360.0,6 or 7,GA
1188,GA360,Business in Tourism,185.0,293.0,6 or 7,GA
1189,GA361,Culinary Arts,162.0,327.0,6 or 7,GA
1190,GA362,Hotel and Hospitality Operations,187.0,242.0,6 or 7,GA
1191,GA364,Heritage Studies,170.0,224.0,6 or 7,GA
1192,GA370,Hotel and Catering Management,170.0,311.0,6 or 7,GA
1193,GA375,Retail Management,180.0,264.0,6 or 7,GA
1194,GA376,Event Management with Public Relations,210.0,329.0,6 or 7,GA
1195,GA377,International Tourism Management,176.0,298.0,6 or 7,GA
1196,GA378,Culinary and Gastronomic Science,160.0,289.0,6 or 7,GA
1197,GA470,Construction Management,243.0,338.0,6 or 7,GA
1198,GA471,Quantity Surveying and Construction Economics,205.0,321.0,6 or 7,GA
1199,GA472,Architectural Technology,200.0,352.0,6 or 7,GA
1200,GA473,Civil Engineering,247.0,387.0,6 or 7,GA
1201,GA570,Software and Electronic Engineering,204.0,389.0,6 or 7,GA
1202,GA670,Mechanical Engineering,261.0,392.0,6 or 7,GA
1203,GA673,Energy Engineering,275.0,362.0,6 or 7,GA
1204,GA674,Biomedical Engineering,303.0,454.0,6 or 7,GA
1205,GA675,Agricultural Engineering,282.0,369.0,6 or 7,GA
1206,GA676,Engineering (Common Entry to Manu/Agri/Biomed/Energy/Mech Eng),291.0,444.0,6 or 7,GA
1207,GA677,Manufacturing Engineering Design,235.0,299.0,6 or 7,GA
1208,GA770,Applied Freshwater and Marine Biology,280.0,379.0,6 or 7,GA
1209,GA771,Applied Biology and Biopharmaceutical Science,280.0,430.0,6 or 7,GA
1210,GA772,Chemical and Pharmaceutical Science,293.0,454.0,6 or 7,GA
1211,GA773,Physics and Instrumentation,308.0,403.0,6 or 7,GA
1212,GA774,Science (Undenominated),288.0,456.0,6 or 7,GA
1213,GA775,Computing in Software Development,261.0,343.0,6 or 7,GA
1214,GA776,Computing and Digital Media,240.0,308.0,6 or 7,GA
1215,GA777,Agriculture and Environmental Management - Mountbellew Campus,290.0,347.0,6 or 7,GA
1216,GA862,History & Geography - Mayo Campus,161.0,373.0,6 or 7,GA
1217,GA870,Outdoor Education and Leisure - Mayo Campus,161.0,308.0,6 or 7,GA
1218,GA871,Early Childhood Care and Education - Mayo Campus,190.0,367.0,6 or 7,GA
1219,GA872,Culture and Environment - Mayo Campus,224.0,268.0,6 or 7,GA
1220,GA879,Applied Social Care - Mayo Campus,242.0,336.0,6 or 7,GA
1221,GA970,Furniture Design and Manufacture - Letterfrack Campus,225.0,372.0,6 or 7,GA
1222,GA971,Furniture and Wood Technology - Letterfrack Campus,200.0,352.0,6 or 7,GA
1223,GB001,Business,,358.0,6 or 7,GB
1224,LY107,Business (Common Entry),162.0,332.0,6 or 7,LY
1225,LY116,"Business - Administration, IT and Customer Service",179.0,272.0,6 or 7,LY
1226,LY206,Sports Studies,137.0,279.0,6 or 7,LY
1227,LY207,Law - with Criminal Justice/Spanish/Irish options,160.0,330.0,6 or 7,LY
1228,LY317,"Culinary Arts at Killybegs, Co Donegal",170.0,307.0,6 or 7,LY
1229,LY327,"Hospitality and Tourism at Killybegs, Co Donegal (Common Entry)",162.0,260.0,6 or 7,LY
1230,LY336,"Bar and Restaurant Supervision at Killybegs, Co Donegal",,146.0,6 or 7,LY
1231,LY406,Photography,,260.0,6 or 7,LY
1232,LY427,Digital Film and Video,170.0,272.0,6 or 7,LY
1233,LY437,Animation,169.0,316.0,6 or 7,LY
1234,LY447,Fashion with Promotion,266.0,347.0,6 or 7,LY
1235,LY457,Graphic and Digital Design,171.0,296.0,6 or 7,LY
1236,LY507,Quantity Surveying,164.0,278.0,6 or 7,LY
1237,LY517,Building Services and Renewable Energy,210.0,298.0,6 or 7,LY
1238,LY527,Civil Engineering,166.0,351.0,6 or 7,LY
1239,LY547,Architectural Technology,182.0,291.0,6 or 7,LY
1240,LY607,Electronic/Computer Engineering (Common Entry),187.0,302.0,6 or 7,LY
1241,LY617,Mechanical Engineering,180.0,316.0,6 or 7,LY
1242,LY707,Computer Games Development,234.0,351.0,6 or 7,LY
1243,LY717,Computing,181.0,300.0,6 or 7,LY
1244,LY737,Computer Security and Digital Forensics,172.0,358.0,6 or 7,LY
1245,LY806,Pharmacy Technician,216.0,377.0,6 or 7,LY
1246,LY816,Dental Nursing,180.0,307.0,6 or 7,LY
1247,LY817,Bioscience,237.0,377.0,6 or 7,LY
1248,LY826,Health Science with Physiotherapy Studies,309.0,440.0,6 or 7,LY
1249,LY836,Health Science with Occupational Therapy Studies,245.0,382.0,6 or 7,LY
1250,LY837,Food Science and Nutrition,165.0,347.0,6 or 7,LY
1251,LY846,Health Science with Dietetics Studies,316.0,440.0,6 or 7,LY
1252,LY847,Veterinary Nursing,347.0,378.0,6 or 7,LY
1253,LY867,Pharmaceutical & Medicinal Science,181.0,357.0,6 or 7,LY
1254,LY877,Agriculture,188.0,307.0,6 or 7,LY
1255,LY906,"Early Childhood Care, Health and Education",135.0,308.0,6 or 7,LY
1256,LY916,Health and Social Care,147.0,297.0,6 or 7,LY
1257,CI001,Counselling Skills and Psychotherapy Studies (Limerick),238.0,368.0,6 or 7,CI
1258,CI002,Counselling Skills and Addiction Studies (Limerick),236.0,326.0,6 or 7,CI
1259,CI005,Counselling Skills and Youth Studies (Limerick),233.0,328.0,6 or 7,CI
1260,LC221,Accounting and Finance,233.0,444.0,6 or 7,LC
1261,LC222,Marketing and Management,270.0,398.0,6 or 7,LC
1262,LC228,Sports Development and Coaching,253.0,329.0,6 or 7,LC
1263,LC230,Business with Computing,232.0,371.0,6 or 7,LC
1264,LC235,Internet Systems Development,226.0,298.0,6 or 7,LC
1265,LC251,Civil Engineering,200.0,366.0,6 or 7,LC
1266,LC253,Construction,172.0,290.0,6 or 7,LC
1267,LC257,Interior Design,231.0,369.0,6 or 7,LC
1268,LC260,Applied Biology,260.0,431.0,6 or 7,LC
1269,LC267,Forensic and Pharmaceutical Sciences,278.0,440.0,6 or 7,LC
1270,LC268,Medical Technology,287.0,413.0,6 or 7,LC
1271,LC270,Music Technology and Production,327.0,389.0,6 or 7,LC
1272,LC271,Electrical Engineering,241.0,329.0,6 or 7,LC
1273,LC276,Creative Broadcast and Film Production,300.0,389.0,6 or 7,LC
1274,LC277,Industrial Automation and Robotic Systems,226.0,364.0,6 or 7,LC
1275,LC278,Renewable and Electrical Energy Engineering,317.0,403.0,6 or 7,LC
1276,LC279,Electronic Engineering,200.0,382.0,6 or 7,LC
1277,LC281,Automobile Technology,208.0,298.0,6 or 7,LC
1278,LC283,Precision Engineering,242.0,425.0,6 or 7,LC
1279,LC284,"Agricultural Mechanisation at Salesian Agricultural College,Pallaskenry",209.0,310.0,6 or 7,LC
1280,LC285,Mechanical Engineering,242.0,385.0,6 or 7,LC
1281,LC286,Road Transport Technology and Management,186.0,299.0,6 or 7,LC
1282,LC290,Community Sport Development,155.0,255.0,6 or 7,LC
1283,LC296,Hotel Front Office Management,178.0,249.0,6 or 7,LC
1284,LC298,Culinary Arts,148.0,280.0,6 or 7,LC
1285,LC299,Hospitality Studies,146.0,261.0,6 or 7,LC
1286,LC413,Marketing and Management (Thurles),136.0,339.0,6 or 7,LC
1287,LC423,Sports Strength and Conditioning (Thurles),169.0,299.0,6 or 7,LC
1288,LC425,Environmental and Geographic Sciences (Thurles),201.0,358.0,6 or 7,LC
1289,LC428,Environmental Management in Agriculture (Thurles),226.0,326.0,6 or 7,LC
1290,LC432,Early Childhood Education & Care (Thurles),163.0,337.0,6 or 7,LC
1291,LC504,Creative Media and Design (Clonmel),126.0,360.0,6 or 7,LC
1292,LC602,Social Care Work (Ennis),222.0,327.0,6 or 7,LC
1293,LC603,Early Childhood Education & Care (Ennis),126.0,327.0,6 or 7,LC
1294,LM180,Equine Science,338.0,413.0,6 or 7,LM
1295,SG101,Business,,338.0,6 or 7,SG
1296,SG102,Computing (Level 6 - General Entry),190.0,318.0,6 or 7,SG
1297,SG105,Business in Office Administration,,215.0,6 or 7,SG
1298,SG108,Business in Accounting,213.0,307.0,6 or 7,SG
1299,SG131,Computing - Games Development,168.0,260.0,6 or 7,SG
1300,SG134,Applied Sport with Business,,236.0,6 or 7,SG
1301,SG135,Business in Tourism with Event Management,187.0,282.0,6 or 7,SG
1302,SG136,Computing - Software Development,207.0,295.0,6 or 7,SG
1303,SG137,Computing (Computer Networks and Cloud Infrastructure),244.0,290.0,6 or 7,SG
1304,SG138,Computing (Level 7 - General Entry),271.0,357.0,6 or 7,SG
1305,SG231,Fine Art,248.0,454.0,6 or 7,SG
1306,SG232,Creative Design,207.0,338.0,6 or 7,SG
1307,SG235,Performing Arts (Theatre Design),216.0,431.0,6 or 7,SG
1308,SG236,Performing Arts (Acting),225.0,335.0,6 or 7,SG
1309,SG300,Engineering Undenominated,177.0,270.0,6 or 7,SG
1310,SG301,Civil Engineering,190.0,270.0,6 or 7,SG
1311,SG302,Construction Economics,161.0,190.0,6 or 7,SG
1312,SG303,Mechanical Engineering,,318.0,6 or 7,SG
1313,SG305,Electronic and Computer Engineering,179.0,267.0,6 or 7,SG
1314,SG306,Mechatronics,260.0,260.0,6 or 7,SG
1315,SG308,Applied Construction Technology,328.0,336.0,6 or 7,SG
1316,SG330,Engineering Undenominated,233.0,404.0,6 or 7,SG
1317,SG331,Interior Architecture and Design,213.0,347.0,6 or 7,SG
1318,SG332,Advanced Wood and Sustainable Building Technology,180.0,289.0,6 or 7,SG
1319,SG333,Mechanical Engineering,216.0,309.0,6 or 7,SG
1320,SG334,Mechatronics,288.0,382.0,6 or 7,SG
1321,SG336,Precision Engineering and Design,263.0,404.0,6 or 7,SG
1322,SG337,Electronic and Computer Engineering,255.0,456.0,6 or 7,SG
1323,SG338,Civil Engineering,226.0,345.0,6 or 7,SG
1324,SG339,Quantity Surveying,188.0,300.0,6 or 7,SG
1325,SG401,Science,175.0,339.0,6 or 7,SG
1326,SG403,Applied Archaeology,297.0,328.0,6 or 7,SG
1327,SG406,Health and Exercise Science,397.0,456.0,6 or 7,SG
1328,SG431,Pharmaceutical Science with Drug Development,262.0,378.0,6 or 7,SG
1329,SG432,Environmental Protection,279.0,362.0,6 or 7,SG
1330,SG433,Occupational Safety and Health,224.0,339.0,6 or 7,SG
1331,SG434,Human Nutrition,288.0,409.0,6 or 7,SG
1332,SG435,Health Science and Physiology,288.0,413.0,6 or 7,SG
1333,SG436,Biomedical Science,268.0,444.0,6 or 7,SG
1334,SG437,Forensic Investigation and Analysis,237.0,348.0,6 or 7,SG
1335,SG438,Applied Archaeology,279.0,333.0,6 or 7,SG
1336,SG535,Business Administration,186.0,291.0,6 or 7,SG
1337,SG536,Business,183.0,338.0,6 or 7,SG
1338,SG537,Marketing and Sales,121.0,270.0,6 or 7,SG
1339,TL620,Culinary Arts,128.0,234.0,6 or 7,TL
1340,TL651,Science (Biological and Environmental Studies),207.0,357.0,6 or 7,TL
1341,TL652,Pharmacy Technician,250.0,367.0,6 or 7,TL
1342,TL710,Computing with Software Development,209.0,327.0,6 or 7,TL
1343,TL711,Computing with Games Development,202.0,321.0,6 or 7,TL
1344,TL712,Computing with Digital Media,243.0,352.0,6 or 7,TL
1345,TL715,Computing (Degree Award options),214.0,377.0,6 or 7,TL
1346,TL716,Computer Systems and Networking,309.0,309.0,6 or 7,TL
1347,TL719,Culinary Arts,321.0,368.0,6 or 7,TL
1348,TL731,Business (Major Specialism in: Acctng or Mktg or Mgmnt),207.0,373.0,6 or 7,TL
1349,TL742,Construction Management,,,6 or 7,TL
1350,TL744,Agricultural Engineering,228.0,324.0,6 or 7,TL
1351,TL745,Civil and Environmental Engineering,208.0,364.0,6 or 7,TL
1352,TL746,Engineering in Mechatronics Engineering,,,6 or 7,TL
1353,TL747,Engineering in Mechanical and Manufacturing Engineering,,,6 or 7,TL
1354,TL748,Agricultural Science,271.0,397.0,6 or 7,TL
1355,TL755,Pharmaceutical Science (Degree Award options),259.0,399.0,6 or 7,TL
1356,TL758,Animal Bioscience,250.0,356.0,6 or 7,TL
1357,TL771,Health and Leisure (Degree Award Options),215.0,387.0,6 or 7,TL
1358,TL772,Health and Leisure with Massage,216.0,405.0,6 or 7,TL
1359,TL773,Coaching and Sports Performance,120.0,329.0,6 or 7,TL
1360,TL780,Early Childhood Care and Education,201.0,360.0,6 or 7,TL
1361,TL781,Social Care,215.0,318.0,6 or 7,TL
1362,WD003,Business,136.0,292.0,6 or 7,WD
1363,WD010,Electronic Engineering,224.0,378.0,6 or 7,WD
1364,WD011,Mechanical Engineering,200.0,301.0,6 or 7,WD
1365,WD013,Legal Studies,170.0,307.0,6 or 7,WD
1366,WD018,Applied Social Care,180.0,297.0,6 or 7,WD
1367,WD019,Recreation and Sport Management,181.0,282.0,6 or 7,WD
1368,WD076,Forestry,181.0,331.0,6 or 7,WD
1369,WD094,Architectural Technology,201.0,350.0,6 or 7,WD
1370,WD096,Horticulture (Waterford - Kildalton),260.0,371.0,6 or 7,WD
1371,WD097,Horticulture (Dublin - National Botanic Gardens),209.0,356.0,6 or 7,WD
1372,WD126,Agriculture,356.0,424.0,6 or 7,WD
1373,WD139,Civil Engineering,200.0,364.0,6 or 7,WD
1374,WD151,Software Systems Development,180.0,344.0,6 or 7,WD
1375,WD153,Multimedia Applications Development,170.0,309.0,6 or 7,WD
1376,WD155,Information Technology,121.0,280.0,6 or 7,WD
1377,WD159,Business,200.0,357.0,6 or 7,WD
1378,WD164,Food Science with Business,222.0,382.0,6 or 7,WD
1379,WD172,Culinary Arts,142.0,269.0,6 or 7,WD
1380,WD173,Hospitality Studies,182.0,278.0,6 or 7,WD
1381,WD174,Tourism,134.0,282.0,6 or 7,WD
1382,WD175,Pharmaceutical Science,207.0,367.0,6 or 7,WD
1383,WD177,"Science (Mol. Biology with Biopharm.,Food Science with Business,Pharm",213.0,413.0,6 or 7,WD
1384,WD182,Electrical Engineering,188.0,315.0,6 or 7,WD
1385,WD184,Retail Management,190.0,298.0,6 or 7,WD
1386,WD188,Applied Health Care,206.0,339.0,6 or 7,WD
1387,WD205,Molecular Biology with Biopharmaceutical Science,208.0,441.0,6 or 7,WD
1388,WD206,Electronic Engineering,191.0,322.0,6 or 7,WD
1389,WD207,Mechanical Engineering,179.0,330.0,6 or 7,WD
1390,WD208,Manufacturing Engineering,195.0,330.0,6 or 7,WD
